YI,111
PIH,1347 Property Insurance Holdings
PIHPP,1347 Property Insurance Holdings
TURN,180 Degree Capital Corp.
FLWS,1-800 FLOWERS.COM
BCOW,1895 Bancorp of Wisconsin
FCCY,1st Constitution Bancorp (NJ)
SRCE,1st Source Corporation
VNET,21Vianet Group
TWOU,2U
QFIN,360 Finance
JOBS,51job
JFK,8i Enterprises Acquisition Corp
JFKKR,8i Enterprises Acquisition Corp
JFKKU,8i Enterprises Acquisition Corp
JFKKW,8i Enterprises Acquisition Corp
EGHT,8x8 Inc
JFU,9F Inc.
AAON,AAON
ABEO,Abeona Therapeutics Inc.
ABEOW,Abeona Therapeutics Inc.
ABIL,Ability Inc.
ABMD,ABIOMED
AXAS,Abraxas Petroleum Corporation
ACIU,AC Immune SA
ACIA,Acacia Communications
ACTG,Acacia Research Corporation
ACHC,Acadia Healthcare Company
ACAD,ACADIA Pharmaceuticals Inc.
ACAM,Acamar Partners Acquisition Corp.
ACAMU,Acamar Partners Acquisition Corp.
ACAMW,Acamar Partners Acquisition Corp.
ACST,Acasti Pharma
AXDX,Accelerate Diagnostics
ACCP,Accelerated Pharma
XLRN,Acceleron Pharma Inc.
ARAY,Accuray Incorporated
ACRX,AcelRx Pharmaceuticals
ACER,Acer Therapeutics Inc.
ACHV,Achieve Life Sciences
ACHN,Achillion Pharmaceuticals
ACIW,ACI Worldwide
ACRS,Aclaris Therapeutics
ACMR,ACM Research
ACNB,ACNB Corporation
ACOR,Acorda Therapeutics
ACTT,Act II Global Acquisition Corp.
ACTTU,Act II Global Acquisition Corp.
ACTTW,Act II Global Acquisition Corp.
ATVI,Activision Blizzard
ADMS,Adamas Pharmaceuticals
ADMP,Adamis Pharmaceuticals Corporation
ADAP,Adaptimmune Therapeutics plc
ADPT,Adaptive Biotechnologies Corporation
ADUS,Addus HomeCare Corporation
AEY,ADDvantage Technologies Group
IOTS,Adesto Technologies Corporation
ADIL,Adial Pharmaceuticals
ADILW,Adial Pharmaceuticals
ADMA,ADMA Biologics Inc
ADBE,Adobe Inc.
ADTN,ADTRAN
ADRO,Aduro Biotech
ADES,Advanced Emissions Solutions
AEIS,Advanced Energy Industries
AMD,Advanced Micro Devices
ADXS,Advaxis
ADVM,Adverum Biotechnologies
DWMC,AdvisorShares Dorsey Wright Micro-Cap ETF
DWSH,AdvisorShares Dorsey Wright Short ETF
BKCH,AdvisorShares Sabretooth ETF
ACT,AdvisorShares Vice ETF
AEGN,Aegion Corp
AGLE,Aeglea BioTherapeutics
AEHR,Aehr Test Systems
AMTX,Aemetis
AERI,Aerie Pharmaceuticals
AVAV,AeroVironment
ARPO,Aerpio Pharmaceuticals
AEZS,AEterna Zentaris Inc.
AEMD,Aethlon Medical
GNMX,Aevi Genomic Medicine
AFMD,Affimed N.V.
AFYA,Afya Limited
AGBA,AGBA Acquisition Limited
AGBAR,AGBA Acquisition Limited
AGBAU,AGBA Acquisition Limited
AGBAW,AGBA Acquisition Limited
AGEN,Agenus Inc.
AGRX,Agile Therapeutics
AGYS,Agilysys
AGIO,Agios Pharmaceuticals
AGMH,AGM Group Holdings Inc.
AGNC,AGNC Investment Corp.
AGNCB,AGNC Investment Corp.
AGNCM,AGNC Investment Corp.
AGNCN,AGNC Investment Corp.
AGFS,AgroFresh Solutions
AGFSW,AgroFresh Solutions
ALRN,Aileron Therapeutics
AIMT,Aimmune Therapeutics
AIRT,Air T
AIRTP,Air T
AIRTW,Air T
ATSG,Air Transport Services Group
AIRG,Airgain
ANTE,AirNet Technology Inc.
AKAM,Akamai Technologies
AKTX,Akari Therapeutics Plc
AKCA,Akcea Therapeutics
AKBA,Akebia Therapeutics
KERN,Akerna Corp.
KERNW,Akerna Corp.
AKRO,Akero Therapeutics
AKER,Akers Biosciences Inc.
AKRX,Akorn
AKTS,Akoustis Technologies
ALRM,Alarm.com Holdings
ALSK,Alaska Communications Systems Group
ALAC,Alberton Acquisition Corporation
ALACR,Alberton Acquisition Corporation
ALACU,Alberton Acquisition Corporation
ALACW,Alberton Acquisition Corporation
ALBO,Albireo Pharma
ABDC,Alcentra Capital Corp.
ALDR,Alder BioPharmaceuticals
ALDX,Aldeyra Therapeutics
ALEC,Alector
ALXN,Alexion Pharmaceuticals
ALCO,Alico
ALIT,Alight Inc.
ALGN,Align Technology
ALIM,Alimera Sciences
ALYA,Alithya Group inc.
ALJJ,ALJ Regional Holdings
ALKS,Alkermes plc
ALLK,Allakos Inc.
ABTX,Allegiance Bancshares
ALGT,Allegiant Travel Company
ALGR,Allegro Merger Corp.
ALGRR,Allegro Merger Corp.
ALGRU,Allegro Merger Corp.
ALGRW,Allegro Merger Corp.
ALNA,Allena Pharmaceuticals
ARLP,Alliance Resource Partners
LNT,Alliant Energy Corporation
AESE,Allied Esports Entertainment
AESEW,Allied Esports Entertainment
AHPI,Allied Healthcare Products
AMOT,Allied Motion Technologies
ALLO,Allogene Therapeutics
ALLT,Allot Ltd.
MDRX,Allscripts Healthcare Solutions
ALNY,Alnylam Pharmaceuticals
AOSL,Alpha and Omega Semiconductor Limited
GOOG,Alphabet Inc.
GOOGL,Alphabet Inc.
SMCP,AlphaMark Actively Managed Small Cap ETF
ATEC,Alphatec Holdings
ALPN,Alpine Immune Sciences
AMR,Alta Mesa Resources
AMRWW,Alta Mesa Resources
AABA,Altaba Inc.
ALTR,Altair Engineering Inc.
ATHE,Alterity Therapeutics Limited
ALT,Altimmune
ASPS,Altisource Portfolio Solutions S.A.
AIMC,Altra Industrial Motion Corp.
ALTM,Altus Midstream Company
AMAG,AMAG Pharmaceuticals
AMAL,Amalgamated Bank
AMRN,Amarin Corporation plc
AMRK,A-Mark Precious Metals
AMZN,Amazon.com
AMBC,Ambac Financial Group
AMBCW,Ambac Financial Group
AMBA,Ambarella
AMCX,AMC Networks Inc.
AMCI,AMCI Acquisition Corp.
AMCIU,AMCI Acquisition Corp.
AMCIW,AMCI Acquisition Corp.
DOX,Amdocs Limited
AMED,Amedisys Inc
AMTB,Amerant Bancorp Inc.
AMTBB,Amerant Bancorp Inc.
UHAL,Amerco
AMRH,Ameri Holdings
AMRHW,Ameri Holdings
ATAX,America First Multifamily Investors
AMOV,America Movil
AAL,American Airlines Group
AFIN,American Finance Trust
AFINP,American Finance Trust
AMNB,American National Bankshares
ANAT,American National Insurance Company
AOBC,American Outdoor Brands Corporation
APEI,American Public Education
AREC,American Resources Corporation
AMRB,American River Bankshares
AMSWA,American Software
AMSC,American Superconductor Corporation
AMWD,American Woodmark Corporation
CRMT,America&#39;s Car-Mart
ABCB,Ameris Bancorp
AMSF,AMERISAFE
ASRV,AmeriServ Financial Inc.
ASRVP,AmeriServ Financial Inc.
ATLO,Ames National Corporation
AMGN,Amgen Inc.
FOLD,Amicus Therapeutics
AMKR,Amkor Technology
AMPH,Amphastar Pharmaceuticals
IBUY,Amplify Online Retail ETF
ASYS,Amtech Systems
AMRS,Amyris
ADI,Analog Devices
ANAB,AnaptysBio
AVXL,Anavex Life Sciences Corp.
ANCN,Anchiano Therapeutics Ltd.
ANDA,Andina Acquisition Corp. III
ANDAR,Andina Acquisition Corp. III
ANDAU,Andina Acquisition Corp. III
ANDAW,Andina Acquisition Corp. III
ANGI,ANGI Homeservices Inc.
ANGO,AngioDynamics
ANIP,ANI Pharmaceuticals
ANIK,Anika Therapeutics Inc.
ANIX,Anixa Biosciences
ANSS,ANSYS
ATRS,Antares Pharma
ATEX,Anterix Inc.
APLS,Apellis Pharmaceuticals
APEX,Apex Global Brands Inc.
APOG,Apogee Enterprises
APEN,Apollo Endosurgery
AINV,Apollo Investment Corporation
AMEH,Apollo Medical Holdings
APPF,AppFolio
APPN,Appian Corporation
AAPL,Apple Inc.
ARCI,Appliance Recycling Centers of America
APDN,Applied DNA Sciences Inc
APDNW,Applied DNA Sciences Inc
AGTC,Applied Genetic Technologies Corporation
AMAT,Applied Materials
AAOI,Applied Optoelectronics
APLT,Applied Therapeutics
AREX,Approach Resources Inc.
APVO,Aptevo Therapeutics Inc.
APTX,Aptinyx Inc.
APM,Aptorum Group Limited
APTO,Aptose Biosciences
APYX,Apyx Medical Corporation
AQMS,Aqua Metals
AQB,AquaBounty Technologies
AQST,Aquestive Therapeutics
ARAV,Aravive
ABUS,Arbutus Biopharma Corporation
ABIO,ARCA biopharma
RKDA,Arcadia Biosciences
ARCB,ArcBest Corporation
ACGL,Arch Capital Group Ltd.
ACGLO,Arch Capital Group Ltd.
ACGLP,Arch Capital Group Ltd.
FUV,Arcimoto
ARCE,Arco Platform Limited
ARCT,Arcturus Therapeutics Holdings Inc.
ARDX,Ardelyx
ARNA,Arena Pharmaceuticals
ARCC,Ares Capital Corporation
ARGX,argenx SE
ARDS,Aridis Pharmaceuticals Inc.
ARKR,Ark Restaurants Corp.
ARTX,Arotech Corporation
ARQL,ArQule
DWCR,Arrow DWA Country Rotation ETF
DWAT,Arrow DWA Tactical ETF
AROW,Arrow Financial Corporation
ARWR,Arrowhead Pharmaceuticals
ARTL,Artelo Biosciences
ARTLW,Artelo Biosciences
ARTNA,Artesian Resources Corporation
ARTW,Art&#39;s-Way Manufacturing Co.
ARVN,Arvinas
ARYA,ARYA Sciences Acquisition Corp.
ARYAU,ARYA Sciences Acquisition Corp.
ARYAW,ARYA Sciences Acquisition Corp.
ASNA,Ascena Retail Group
ASND,Ascendis Pharma A/S
APWC,Asia Pacific Wire & Cable Corporation Limited
ASLN,ASLAN Pharmaceuticals Limited
ASML,ASML Holding N.V.
ASPU,Aspen Group Inc.
AZPN,Aspen Technology
ASMB,Assembly Biosciences
ASRT,Assertio Therapeutics
ASFI,Asta Funding
ASTE,Astec Industries
ATRO,Astronics Corporation
ALOT,AstroNova
ASTC,Astrotech Corporation
ASUR,Asure Software Inc
ASV,ASV Holdings
ATAI,ATA Inc.
ATRA,Atara Biotherapeutics
ATNX,Athenex
ATHX,Athersys
ATIF,ATIF Holdings Limited
AAME,Atlantic American Corporation
ACBI,Atlantic Capital Bancshares
AUB,Atlantic Union Bankshares Corporation
AY,Atlantica Yield plc
ATLC,Atlanticus Holdings Corporation
AAWW,Atlas Air Worldwide Holdings
AFH,Atlas Financial Holdings
AFHBL,Atlas Financial Holdings
TEAM,Atlassian Corporation Plc
ATNI,ATN International
ATOM,Atomera Incorporated
ATOS,Atossa Genetics Inc.
BCEL,Atreca
ATRC,AtriCure
ATRI,Atrion Corporation
ATIS,Attis Industries Inc.
ATISW,Attis Industries Inc.
LIFE,aTyr Pharma
AUBN,Auburn National Bancorporation
BOLD,Audentes Therapeutics
AUDC,AudioCodes Ltd.
AEYE,AudioEye
AUPH,Aurinia Pharmaceuticals Inc
EARS,Auris Medical Holding Ltd.
JG,Aurora Mobile Limited
ADSK,Autodesk
AUTL,Autolus Therapeutics plc
ADP,Automatic Data Processing
AUTO,AutoWeb
AVDL,Avadel Pharmaceuticals plc
AVCO,Avalon GloboCare Corp.
AVDR,Avedro
ATXI,Avenue Therapeutics
AVEO,AVEO Pharmaceuticals
AVNW,Aviat Networks
CDMO,Avid Bioservices
CDMOP,Avid Bioservices
AVID,Avid Technology
AVGR,Avinger
CAR,Avis Budget Group
AVT,Avnet
AVRO,AVROBIO
AWRE,Aware
ACLS,Axcelis Technologies
AXLA,Axcella Health Inc.
AXGN,AxoGen
AAXN,Axon Enterprise
AXNX,Axonics Modulation Technologies
AXGT,Axovant Gene Therapies Ltd.
AXSM,Axsome Therapeutics
AXTI,AXT Inc
AYTU,Aytu BioScience
AZRX,AzurRx BioPharma
BCOM,B Communications Ltd.
RILY,B. Riley Financial
RILYG,B. Riley Financial
RILYH,B. Riley Financial
RILYI,B. Riley Financial
RILYL,B. Riley Financial
RILYO,B. Riley Financial
RILYZ,B. Riley Financial
BOSC,B.O.S. Better Online Solutions
BIDU,Baidu
BCPC,Balchem Corporation
BLDP,Ballard Power Systems
BANF,BancFirst Corporation
BANFP,BancFirst Corporation
BCTF,Bancorp 34
BAND,Bandwidth Inc.
BFC,Bank First Corporation
BOCH,Bank of Commerce Holdings (CA)
BMRC,Bank of Marin Bancorp
BMLP,Bank Of Montreal
BKSC,Bank of South Carolina Corp.
BOTJ,Bank of the James Financial Group
OZK,Bank OZK
BSVN,Bank7 Corp.
BFIN,BankFinancial Corporation
BFL,BankFlorida
BWFG,Bankwell Financial Group
BANR,Banner Corporation
BZUN,Baozun Inc.
DFVL,Barclays PLC
DFVS,Barclays PLC
DLBS,Barclays PLC
DTUL,Barclays PLC
DTUS,Barclays PLC
DTYL,Barclays PLC
DTYS,Barclays PLC
FLAT,Barclays PLC
STPP,Barclays PLC
TAPR,Barclays PLC
BBSI,Barrett Business Services
GOLD,Barrick Gold Corporation
BSET,Bassett Furniture Industries
GLG,Bat Group
ZTEST,BATS BZX Exchange
BCML,BayCom Corp
BCBP,BCB Bancorp
BECN,Beacon Roofing Supply
BBGI,Beasley Broadcast Group
BBBY,Bed Bath & Beyond Inc.
BGNE,BeiGene
BELFA,Bel Fuse Inc.
BELFB,Bel Fuse Inc.
BLPH,Bellerophon Therapeutics
BLCM,Bellicum Pharmaceuticals
BNFT,Benefitfocus
BNTC,Benitec Biopharma Limited
BNTCW,Benitec Biopharma Limited
BRY,Berry Petroleum Corporation
XAIR,Beyond Air
BYND,Beyond Meat
BYSI,BeyondSpring
BGCP,BGC Partners
BCYC,Bicycle Therapeutics plc
BGFV,Big 5 Sporting Goods Corporation
BRPA,Big Rock Partners Acquisition Corp.
BRPAR,Big Rock Partners Acquisition Corp.
BRPAU,Big Rock Partners Acquisition Corp.
BRPAW,Big Rock Partners Acquisition Corp.
BILI,Bilibili Inc.
BASI,Bioanalytical Systems
BCDA,BioCardia
BCDAW,BioCardia
BIOC,Biocept
BCRX,BioCryst Pharmaceuticals
BDSI,BioDelivery Sciences International
BFRA,Biofrontera AG
BIIB,Biogen Inc.
BHTG,BioHiTech Global
BKYI,BIO-key International
BIOL,Biolase
BLFS,BioLife Solutions
BLRX,BioLineRx Ltd.
BMRN,BioMarin Pharmaceutical Inc.
BMRA,Biomerica
BNGO,Bionano Genomics
BNGOW,Bionano Genomics
BVXV,BiondVax Pharmaceuticals Ltd.
BVXVW,BiondVax Pharmaceuticals Ltd.
BNKL,Bionik Laboratories Corp.
BPTH,Bio-Path Holdings
BSGM,BioSig Technologies
BSTC,BioSpecifics Technologies Corp
TECH,Bio-Techne Corp
BEAT,BioTelemetry
BIVI,BioVie Inc.
BTAI,BioXcel Therapeutics
BJRI,BJ&#39;s Restaurants
BLKB,Blackbaud
BL,BlackLine
BKCC,BlackRock Capital Investment Corporation
TCPC,BlackRock TCP Capital Corp.
BLNK,Blink Charging Co.
BLNKW,Blink Charging Co.
BLMN,Bloomin&#39; Brands
BCOR,Blucora
BLBD,Blue Bird Corporation
BHAT,Blue Hat Interactive Entertainment Technology
BLUE,bluebird bio
BKEP,Blueknight Energy Partners L.P.
BKEPP,Blueknight Energy Partners L.P.
BPMC,Blueprint Medicines Corporation
ITEQ,BlueStar Israel Technology ETF
BMCH,BMC Stock Holdings
WIFI,Boingo Wireless
BOKF,BOK Financial Corporation
BOKFL,BOK Financial Corporation
BNSO,Bonso Electronics International
BKNG,Booking Holdings Inc.
BRQS,Borqs Technologies
BOMN,Boston Omaha Corporation
BPFH,Boston Private Financial Holdings
EPAY,Bottomline Technologies
BOXL,Boxlight Corporation
BWMC,Boxwood Merger Corp.
BWMCU,Boxwood Merger Corp.
BWMCW,Boxwood Merger Corp.
BBRX,Braeburn Pharmaceuticals
BCLI,Brainstorm Cell Therapeutics Inc.
BWAY,Brainsway Ltd.
BDGE,Bridge Bancorp
BBIO,BridgeBio Pharma
BLIN          ,Bridgeline Digital
BWB,Bridgewater Bancshares
BRID,Bridgford Foods Corporation
BCOV,Brightcove Inc.
BHF,Brighthouse Financial
BHFAL,Brighthouse Financial
BHFAP,Brighthouse Financial
AVGO,Broadcom Inc.
BVSN,BroadVision
BYFC,Broadway Financial Corporation
BWEN,Broadwind Energy
BPY,Brookfield Property Partners L.P.
BPYPO,Brookfield Property Partners L.P.
BPYPP,Brookfield Property Partners L.P.
BPR,Brookfield Property REIT Inc.
BPRAP,Brookfield Property REIT Inc.
BRKL,Brookline Bancorp
BRKS,Brooks Automation
DOOO,BRP Inc.
BRKR,Bruker Corporation
BMTC,Bryn Mawr Bank Corporation
BSQR,BSQUARE Corporation
BLDR,Builders FirstSource
BFST,Business First Bancshares
CFFI,C&F Financial Corporation
CHRW,C.H. Robinson Worldwide
CCMP,Cabot Microelectronics Corporation
CDNS,Cadence Design Systems
CDZI,Cadiz
CZR,Caesars Entertainment Corporation
CSTE,Caesarstone Ltd.
CLBS,Caladrius Biosciences
CHY,Calamos Convertible and High Income Fund
CHI,Calamos Convertible Opportunities and Income Fund
CCD,Calamos Dynamic Convertible & Income Fund
CHW,Calamos Global Dynamic Income Fund
CGO,Calamos Global Total Return Fund
CSQ,Calamos Strategic Total Return Fund
CAMP,CalAmp Corp.
CVGW,Calavo Growers
CALA,Calithera Biosciences
CALM,Cal-Maine Foods
CLMT,Calumet Specialty Products Partners
CLXT,Calyxt
CMBM,Cambium Networks Corporation
CATC,Cambridge Bancorp
CAC,Camden National Corporation
CAMT,Camtek Ltd.
CSIQ,Canadian Solar Inc.
CGIX,Cancer Genetics
CPHC,Canterbury Park Holding Corporation
CBNK,Capital Bancorp
CCBG,Capital City Bank Group
CPLP,Capital Product Partners L.P.
CSWC,Capital Southwest Corporation
CSWCL,Capital Southwest Corporation
CPTA,Capitala Finance Corp.
CPTAG,Capitala Finance Corp.
CPTAL,Capitala Finance Corp.
CFFN,Capitol Federal Financial
CAPR,Capricor Therapeutics
CSTR,CapStar Financial Holdings
CPST,Capstone Turbine Corporation
CARA,Cara Therapeutics
CBLK,Carbon Black
CARB,Carbonite
CSII,Cardiovascular Systems
CDLX,Cardlytics
CATM,Cardtronics plc
CDNA,CareDx
CECO,Career Education Corporation
CTRE,CareTrust REIT
CARG,CarGurus
CARO,Carolina Financial Corporation
CART,Carolina Trust BancShares
CRZO,Carrizo Oil & Gas
TAST,Carrols Restaurant Group
CARE,Carter Bank & Trust
CARV,Carver Bancorp
CASA,Casa Systems
CWST,Casella Waste Systems
CASY,Caseys General Stores
CASI,CASI Pharmaceuticals
CASS,Cass Information Systems
SAVA,Cassava Sciences
CSTL,Castle Biosciences
CTRM,Castor Maritime Inc.
CATB,Catabasis Pharmaceuticals
CBIO,Catalyst Biosciences
CPRX,Catalyst Pharmaceuticals
CATS,Catasys
CATY,Cathay General Bancorp
CVCO,Cavco Industries
CBFV,CB Financial Services
CBAT,CBAK Energy Technology
CBMB,CBM Bancorp
CBOE,Cboe Global Markets
CBTX,CBTX
CDK,CDK Global
CDW,CDW Corporation
CECE,CECO Environmental Corp.
CELC,Celcuity Inc.
CELG,Celgene Corporation
CELGZ,Celgene Corporation
CLDX,Celldex Therapeutics
APOP,Cellect Biotechnology Ltd.
APOPW,Cellect Biotechnology Ltd.
CLRB,Cellectar Biosciences
CLRBZ,Cellectar Biosciences
CLLS,Cellectis S.A.
CBMG,Cellular Biomedicine Group
CLSN,Celsion Corporation
CELH,Celsius Holdings
CYAD,Celyad SA
CETX,Cemtrex Inc.
CETXP,Cemtrex Inc.
CETXW,Cemtrex Inc.
CDEV,Centennial Resource Development
CSFL,CenterState Bank Corporation
CETV,Central European Media Enterprises Ltd.
CFBK,Central Federal Corporation
CENT,Central Garden & Pet Company
CENTA,Central Garden & Pet Company
CVCY,Central Valley Community Bancorp
CNTX,Centrexion Therapeutics Corporation
CTRC,Centric Brands Inc.
CENX,Century Aluminum Company
CNBKA,Century Bancorp
CNTY,Century Casinos
CRNT,Ceragon Networks Ltd.
CERC,Cerecor Inc.
CERN,Cerner Corporation
CERS,Cerus Corporation
KOOL,Cesca Therapeutics Inc.
CEVA,CEVA
CFFA,CF Finance Acquisition Corp.
CFFAU,CF Finance Acquisition Corp.
CFFAW,CF Finance Acquisition Corp.
CSBR,Champions Oncology
CHNG,Change Healthcare Inc.
CHNGU,Change Healthcare Inc.
CYOU,Changyou.com Limited
BURG,Chanticleer Holdings
CTHR,Charles & Colvard Ltd.
GTLS,Chart Industries
CHTR,Charter Communications
CTAC,ChaSerg Technology Acquisition Corp.
CTACU,ChaSerg Technology Acquisition Corp.
CTACW,ChaSerg Technology Acquisition Corp.
CHKP,Check Point Software Technologies Ltd.
CHEK,Check-Cap Ltd.
CHEKW,Check-Cap Ltd.
CHEKZ,Check-Cap Ltd.
CKPT,Checkpoint Therapeutics
CEMI,Chembio Diagnostics
CCXI,ChemoCentryx
CHMG,Chemung Financial Corp
CHFS,CHF Solutions
CHMA,Chiasma
CSSE,Chicken Soup for the Soul Entertainment
CSSEP,Chicken Soup for the Soul Entertainment
PLCE,Children&#39;s Place
CMRX,Chimerix
CAAS,China Automotive Systems
CBPO,China Biologic Products Holdings
CCCL,China Ceramics Co.
CCRC,China Customer Relations Centers
JRJC,China Finance Online Co. Limited
HGSH,China HGS Real Estate
CIH,China Index Holdings Limited
CIFS,China Internet Nationwide Financial Services Inc.
CJJD,China Jo-Jo Drugstores
CLDC,China Lending Corporation
CHNR,China Natural Resources
CREG,China Recycling Energy Corporation
SXTC,China SXT Pharmaceuticals
CNTF,China TechFaith Wireless Communication Technology Limited
CXDC,China XD Plastics Company Limited
PLIN,China Xiangtai Food Co.
CCIH,ChinaCache International Holdings Ltd.
CNET,ChinaNet Online Holdings
IMOS,ChipMOS TECHNOLOGIES INC.
CDXC,ChromaDex Corporation
CHSCL,CHS Inc
CHSCM,CHS Inc
CHSCN,CHS Inc
CHSCO,CHS Inc
CHSCP,CHS Inc
CHDN,Churchill Downs
CHUY,Chuy&#39;s Holdings
CBUS,Cibus Corp.
CDTX,Cidara Therapeutics
CMCT,CIM Commercial Trust Corporation
CMCTP,CIM Commercial Trust Corporation
CMPR,Cimpress N.V
CINF,Cincinnati Financial Corporation
CIDM,Cinedigm Corp
CTAS,Cintas Corporation
CRUS,Cirrus Logic
CSCO,Cisco Systems
CTRN,Citi Trends
CTXR,Citius Pharmaceuticals
CTXRW,Citius Pharmaceuticals
CZNC,Citizens & Northern Corp
CZWI,Citizens Community Bancorp
CIZN,Citizens Holding Company
CTXS,Citrix Systems
CHCO,City Holding Company
CIVB,Civista Bancshares
CIVBP,Civista Bancshares
CLAR,Clarus Corporation
CLNE,Clean Energy Fuels Corp.
CACG,ClearBridge All Cap Growth ETF
YLDE,ClearBridge Dividend Strategy ESG ETF
LRGE,ClearBridge Large Cap Growth ESG ETF
CLFD,Clearfield
CLRO,ClearOne
CLSD,Clearside Biomedical
CLIR,ClearSign Combustion Corporation
CBLI,Cleveland BioLabs
CLVS,Clovis Oncology
CLPS,CLPS Incorporation
CMFN,CM Finance Inc
CMFNL,CM Finance Inc
CME,CME Group Inc.
CCNE,CNB Financial Corporation
CCB,Coastal Financial Corporation
COKE,Coca-Cola Consolidated
COCP,Cocrystal Pharma
CODA,Coda Octopus Group
CDXS,Codexis
CODX,Co-Diagnostics
CVLY,Codorus Valley Bancorp
JVA,Coffee Holding Co.
CCOI,Cogent Communications Holdings
CGNX,Cognex Corporation
CTSH,Cognizant Technology Solutions Corporation
CWBR,CohBar
COHR,Coherent
CHRS,Coherus BioSciences
COHU,Cohu
CLCT,Collectors Universe
COLL,Collegium Pharmaceutical
CIGI,Colliers International Group Inc. 
CLGN,CollPlant Biotechnologies Ltd.
CBAN,Colony Bankcorp
COLB,Columbia Banking System
CLBK,Columbia Financial
COLM,Columbia Sportswear Company
CMCO,Columbus McKinnon Corporation
CMCSA,Comcast Corporation
CCNI,Command Center
CBSH,Commerce Bancshares
CBSHP,Commerce Bancshares
CVGI,Commercial Vehicle Group
COMM,CommScope Holding Company
JCS,Communications Systems
ESXB,Community Bankers Trust Corporation.
CFBI,Community First Bancshares
CTBI,Community Trust Bancorp
CWBC,Community West Bancshares
CVLT,Commvault Systems
CGEN,Compugen Ltd.
CPSI,Computer Programs and Systems
CTG,Computer Task Group
SCOR,comScore
CHCI,Comstock Holding Companies
CMTL,Comtech Telecommunications Corp.
CNAT,Conatus Pharmaceuticals Inc.
CNCE,Concert Pharmaceuticals
BBCP,Concrete Pumping Holdings
CDOR,Condor Hospitality Trust
CFMS,ConforMIS
CNFR,Conifer Holdings
CNFRL,Conifer Holdings
CNMD,CONMED Corporation
CTWS,Connecticut Water Service
CNOB,ConnectOne Bancorp
CONN,Conn&#39;s
CNSL,Consolidated Communications Holdings
CWCO,Consolidated Water Co. Ltd.
CNAC,Constellation Alpha Capital Corp.
CNACR,Constellation Alpha Capital Corp.
CNACU,Constellation Alpha Capital Corp.
CNACW,Constellation Alpha Capital Corp.
CNST,Constellation Pharmaceuticals
ROAD,Construction Partners
CPSS,Consumer Portfolio Services
CFRX,ContraFect Corporation
CPTI,ConversionPoint Holdings
CPAAU,Conyers Park II Acquisition Corp.
AWSM,Cool Holdings Inc.
CPRT,Copart
CRBP,Corbus Pharmaceuticals Holdings
CORT,Corcept Therapeutics Incorporated
CORE,Core-Mark Holding Company
CSOD,Cornerstone OnDemand
CORV,Correvio Pharma Corp.
CRTX,Cortexyme
CLDB,Cortland Bancorp
CRVL,CorVel Corp.
CRVS,Corvus Pharmaceuticals
CSGP,CoStar Group
COST,Costco Wholesale Corporation
CPAH,CounterPath Corporation
ICBK,County Bancorp
COUP,Coupa Software Incorporated
CVTI,Covenant Transportation Group
CVET,Covetrus
COWN,Cowen Inc.
COWNL,Cowen Inc.
COWNZ,Cowen Inc.
PMTS,CPI Card Group Inc.
CPSH,CPS Technologies Corp.
CRAI,CRA International
CBRL,Cracker Barrel Old Country Store
BREW,Craft Brew Alliance
CRAY,Cray Inc
CREX,Creative Realities
CREXW,Creative Realities
CACC,Credit Acceptance Corporation
DGLD,Credit Suisse AG
DSLV,Credit Suisse AG
GLDI,Credit Suisse AG
SLVO,Credit Suisse AG
TVIX,Credit Suisse AG
UGLD,Credit Suisse AG
USLV,Credit Suisse AG
USOI,Credit Suisse AG
VIIX,Credit Suisse AG
ZIV,Credit Suisse AG
CREE,Cree
CRSA,Crescent Acquisition Corp
CRSAU,Crescent Acquisition Corp
CRSAW,Crescent Acquisition Corp
CRESY,Cresud S.A.C.I.F. y A.
CRNX,Crinetics Pharmaceuticals
CRSP,CRISPR Therapeutics AG
CRTO,Criteo S.A.
CROX,Crocs
CRON,Cronos Group Inc.
CCRN,Cross Country Healthcare
CFB,CrossFirst Bankshares
CRWD,CrowdStrike Holdings
CRWS,Crown Crafts
CYRX,CryoPort
CYRXW,CryoPort
CSGS,CSG Systems International
CCLP,CSI Compressco LP
CSPI,CSP Inc.
CSWI,CSW Industrials
CSX,CSX Corporation
CTIC,CTI BioPharma Corp.
CTIB,CTI Industries Corporation
CTRP,Ctrip.com International
CUE,Cue Biopharma
CUI,CUI Global
CPIX,Cumberland Pharmaceuticals Inc.
CMLS,Cumulus Media Inc.
CRIS,Curis
CUTR,Cutera
CVBF,CVB Financial Corporation
CVV,CVD Equipment Corporation
CYAN,Cyanotech Corporation
CYBR,CyberArk Software Ltd.
CYBE,CyberOptics Corporation
CYCC,Cyclacel Pharmaceuticals
CYCCP,Cyclacel Pharmaceuticals
CYCN,Cyclerion Therapeutics
CBAY,CymaBay Therapeutics Inc.
CY,Cypress Semiconductor Corporation
CYRN,CYREN Ltd.
CONE,CyrusOne Inc
CYTK,Cytokinetics
CTMX,CytomX Therapeutics
CTSO,Cytosorbents Corporation
DJCO,Daily Journal Corp. (S.C.)
DAKT,Daktronics
DARE,Dare Bioscience
DRIO,DarioHealth Corp.
DRIOW,DarioHealth Corp.
DZSI,DASAN Zhone Solutions
DSKE,Daseke
DSKEW,Daseke
DAIO,Data I/O Corporation
DTSS,Datasea Inc.
PLAY,Dave & Buster&#39;s Entertainment
DTEA,DAVIDsTEA Inc.
DFNL,Davis Select Financial ETF
DINT,Davis Select International ETF
DUSA,Davis Select U.S. Equity ETF
DWLD,Davis Select Worldwide ETF
DWSN,Dawson Geophysical Company
DBVT,DBV Technologies S.A.
DDMX,DD3 Acquisition Corp.
DDMXU,DD3 Acquisition Corp.
DDMXW,DD3 Acquisition Corp.
DCPH,Deciphera Pharmaceuticals
DFRG,Del Frisco&#39;s Restaurant Group
TACO,Del Taco Restaurants
TACOW,Del Taco Restaurants
DMPI,DelMar Pharmaceuticals
DNLI,Denali Therapeutics Inc.
DENN,Denny&#39;s Corporation
XRAY,DENTSPLY SIRONA Inc.
DDOC,DERMAdoctor
DRMT,Dermavant Sciences Ltd.
DERM,Dermira
DEST,Destination Maternity Corporation
DXLG,Destination XL Group
DSWL,Deswell Industries
DXCM,DexCom
DFBH,DFB Healthcare Acquisitions Corp.
DFBHU,DFB Healthcare Acquisitions Corp.
DFBHW,DFB Healthcare Acquisitions Corp.
DHXM,DHX Media Ltd.
DMAC,DiaMedica Therapeutics Inc.
DEAC,Diamond Eagle Acquisition Corp.
DEACU,Diamond Eagle Acquisition Corp.
DEACW,Diamond Eagle Acquisition Corp.
DHIL,Diamond Hill Investment Group
FANG,Diamondback Energy
DPHC,DiamondPeak Holdings Corp.
DPHCU,DiamondPeak Holdings Corp.
DPHCW,DiamondPeak Holdings Corp.
DRNA,Dicerna Pharmaceuticals
DFFN,Diffusion Pharmaceuticals Inc.
DGII,Digi International Inc.
DMRC,Digimarc Corporation
DRAD,Digirad Corporation
DGLY,Digital Ally
APPS,Digital Turbine
DCOM,Dime Community Bancshares
DIOD,Diodes Incorporated
DISCA,Discovery
DISCB,Discovery
DISCK,Discovery
DISH,DISH Network Corporation
DISHV,DISH Network Corporation
DVCR,Diversicare Healthcare Services Inc.
SAUC,Diversified Restaurant Holdings
DLHC,DLH Holdings Corp.
BOOM,DMC Global Inc.
DNBF,DNB Financial Corp
DOCU,DocuSign
DOGZ,Dogness (International) Corporation
DLTR,Dollar Tree
DLPN,Dolphin Entertainment
DLPNW,Dolphin Entertainment
DOMO,Domo
DGICA,Donegal Group
DGICB,Donegal Group
DMLP,Dorchester Minerals
DORM,Dorman Products
DOYU,DouYu International Holdings Limited
DOVA,Dova Pharmaceuticals
LYL,Dragon Victory International Limited
DBX,Dropbox
DCAR,DropCar
DRYS,DryShips Inc.
DSPG,DSP Group
DLTH,Duluth Holdings Inc.
DNKN,Dunkin&#39; Brands Group
DRRX,DURECT Corporation
DXPE,DXP Enterprises
DYAI,Dyadic International
DYNT,Dynatronics Corporation
DVAX,Dynavax Technologies Corporation
ETFC,E*TRADE Financial Corporation
SSP,E.W. Scripps Company (The)
EBMT,Eagle Bancorp Montana
EGBN,Eagle Bancorp
EGLE,Eagle Bulk Shipping Inc.
EFBI,Eagle Financial Bancorp
EGRX,Eagle Pharmaceuticals
IGLE,Eagleline Acquisition Corp.
EWBC,East West Bancorp
EML,Eastern Company (The)
EAST,Eastside Distilling
EVGBC,Eaton Vance NextShares Trust
EVSTC,Eaton Vance NextShares Trust
EVLMC,Eaton Vance NextShares Trust II
OKDCC,Eaton Vance NextShares Trust II
EBAY,eBay Inc.
EBAYL,eBay Inc.
EBIX,Ebix
ECHO,Echo Global Logistics
SATS,EchoStar Corporation
SATSV,EchoStar Corporation
EEI,Ecology and Environment
EDAP,EDAP TMS S.A.
EDSA,Edesa Biotech
EDNT,Edison Nation
EDIT,Editas Medicine
EDTX,EdtechX Holdings Acquisition Corp.
EDTXU,EdtechX Holdings Acquisition Corp.
EDTXW,EdtechX Holdings Acquisition Corp.
EDUC,Educational Development Corporation
EGAN,eGain Corporation
EHTH,eHealth
EIDX,Eidos Therapeutics
EIGR,Eiger BioPharmaceuticals
EKSO,Ekso Bionics Holdings
LOCO,El Pollo Loco Holdings
ESLT,Elbit Systems Ltd.
ERI,Eldorado Resorts
SOLO,Electrameccanica Vehicles Corp. Ltd.
SOLOW,Electrameccanica Vehicles Corp. Ltd.
ECOR,electroCore
EA,Electronic Arts Inc.
ELSE,Electro-Sensors
ESBK,Elmira Savings Bank NY (The)
ELOX,Eloxx Pharmaceuticals
ELTK,Eltek Ltd.
EMCI,EMC Insurance Group Inc.
EMCF,Emclaire Financial Corp
EMKR,EMCORE Corporation
EMMA,Emmaus Life Sciences
EMMAW,Emmaus Life Sciences
EMMS,Emmis Communications Corporation
NYNY,Empire Resorts
ENTA,Enanta Pharmaceuticals
ECPG,Encore Capital Group Inc
WIRE,Encore Wire Corporation
ENDP,Endo International plc
ELGX,Endologix
NDRA,ENDRA Life Sciences Inc.
NDRAW,ENDRA Life Sciences Inc.
EIGI,Endurance International Group Holdings
WATT,Energous Corporation
EFOI,Energy Focus
EHR,Energy Hunter Resources
ERII,Energy Recovery
ENG,ENGlobal Corporation
ENLV,Enlivex Therapeutics Ltd.
ENOB,Enochian Biosciences
ENPH,Enphase Energy
ESGR,Enstar Group Limited
ESGRO,Enstar Group Limited
ESGRP,Enstar Group Limited
ETTX,Entasis Therapeutics Holdings Inc.
ENFC,Entegra Financial Corp.
ENTG,Entegris
ENTX,Entera Bio Ltd.
ENTXW,Entera Bio Ltd.
EBTC,Enterprise Bancorp Inc
EFSC,Enterprise Financial Services Corporation
EVSI,Envision Solar International
EVSIW,Envision Solar International
EPZM,Epizyme
PLUS,ePlus inc.
EPSN,Epsilon Energy Ltd.
EQ,Equillium
EQIX,Equinix
EQBK,Equity Bancshares
ERIC,Ericsson
ERIE,Erie Indemnity Company
ERYP,Erytech Pharma S.A.
ESCA,Escalade
ESPR,Esperion Therapeutics
ESQ,Esquire Financial Holdings
ESSA,ESSA Bancorp
EPIX,ESSA Pharma Inc.
ESTA,Establishment Labs Holdings Inc.
ESTR,Estre Ambiental
ESTRW,Estre Ambiental
VBND,ETF Series Solutions Trust Vident Core U.S. Bond Strategy Fund
VUSE,ETF Series Solutions Trust Vident Core US Equity ETF
VIDI,ETF Series Solutions Trust Vident International Equity Fund
ETON,Eton Pharmaceuticals
ETSY,Etsy
CLWT,Euro Tech Holdings Company Limited
EDRY,EuroDry Ltd.
EEFT,Euronet Worldwide
ESEA,Euroseas Ltd.
EVLO,Evelo Biosciences
EVBG,Everbridge
EVK,Ever-Glory International Group
EVER,EverQuote
MRAM,Everspin Technologies
EVOP,EVO Payments
EVFM,Evofem Biosciences
EVGN,Evogene Ltd.
EVOK,Evoke Pharma
EOLS,Evolus
EVOL,Evolving Systems
EXAS,Exact Sciences Corporation
FLAG,Exchange Traded Concepts Trust FLAG-Forensic Accounting Long-S
ROBO,Exchange Traded Concepts Trust ROBO Global Robotics and Automa
XELA,Exela Technologies
EXEL,Exelixis
EXFO,EXFO Inc
XCUR,Exicure
EXLS,ExlService Holdings
EXPI,eXp World Holdings
EXPE,Expedia Group
EXPD,Expeditors International of Washington
EXPO,Exponent
STAY,Extended Stay America
XOG,Extraction Oil & Gas
EXTR,Extreme Networks
EYEG,Eyegate Pharmaceuticals
EYEGW,Eyegate Pharmaceuticals
EYEN,Eyenovia
EYPT,EyePoint Pharmaceuticals
EZPW,EZCORP
FFIV,F5 Networks
FB,Facebook
FLMN,Falcon Minerals Corporation
FLMNW,Falcon Minerals Corporation
DAVE,Famous Dave&#39;s of America
FANH,Fanhua Inc.
FARM,Farmer Brothers Company
FMAO,Farmers & Merchants Bancorp
FMNB,Farmers National Banc Corp.
FAMI,FARMMI
FARO,FARO Technologies
FAST,Fastenal Company
FAT,FAT Brands Inc.
FATE,Fate Therapeutics
FBSS,Fauquier Bankshares
FNHC,FedNat Holding Company
FLLCU,Fellazo Inc.
FENC,Fennec Pharmaceuticals Inc.
GSM,Ferroglobe PLC
FFBW,FFBW
FCSC,Fibrocell Science Inc.
FGEN,FibroGen
FDBC,Fidelity D & D Bancorp
ONEQ,Fidelity Nasdaq Composite Index Tracking Stock
FDUS,Fidus Investment Corporation
FDUSL,Fidus Investment Corporation
FDUSZ,Fidus Investment Corporation
FRGI,Fiesta Restaurant Group
FITB,Fifth Third Bancorp
FITBI,Fifth Third Bancorp
FISI,Financial Institutions
FNSR,Finisar Corporation
FNJN,Finjan Holdings
FTAC,FinTech Acquisition Corp. III
FTACU,FinTech Acquisition Corp. III
FTACW,FinTech Acquisition Corp. III
FEYE,FireEye
FBNC,First Bancorp
FNLC,First Bancorp
FRBA,First Bank
BUSE,First Busey Corporation
FBIZ,First Business Financial Services
FCAP,First Capital
FCBP,First Choice Bancorp
FCNCA,First Citizens BancShares
FCBC,First Community Bankshares
FCCO,First Community Corporation
FDEF,First Defiance Financial Corp.
FFBC,First Financial Bancorp.
FFIN,First Financial Bankshares
THFF,First Financial Corporation Indiana
FFNW,First Financial Northwest
FFWM,First Foundation Inc.
FGBI,First Guaranty Bancshares
FHB,First Hawaiian
INBK,First Internet Bancorp
INBKL,First Internet Bancorp
INBKZ,First Internet Bancorp
FIBK,First Interstate BancSystem
FRME,First Merchants Corporation
FMBH,First Mid Bancshares
FMBI,First Midwest Bancorp
FXNC,First National Corporation
FNWB,First Northwest Bancorp
FSFG,First Savings Financial Group
FSEA,First Seacoast Bancorp
FSLR,First Solar
FAAR,First Trust Alternative Absolute Return Strategy ETF
FPA,First Trust Asia Pacific Ex-Japan AlphaDEX Fund
BICK,First Trust BICK Index Fund
FBZ,First Trust Brazil AlphaDEX Fund
FTHI,First Trust BuyWrite Income ETF
FCAL,First Trust California Municipal High income ETF
FCAN,First Trust Canada AlphaDEX Fund
FTCS,First Trust Capital Strength ETF
FCEF,First Trust CEF Income Opportunity ETF
FCA,First Trust China AlphaDEX Fund
SKYY,First Trust Cloud Computing ETF
RNDM,First Trust Developed International Equity Select ETF
FDT,First Trust Developed Markets Ex-US AlphaDEX Fund
FDTS,First Trust Developed Markets ex-US Small Cap AlphaDEX Fund
FVC,First Trust Dorsey Wright Dynamic Focus 5 ETF
FV,First Trust Dorsey Wright Focus 5 ETF
IFV,First Trust Dorsey Wright International Focus 5 ETF
DDIV,First Trust Dorsey Wright Momentum & Dividend ETF
DVOL,First Trust Dorsey Wright Momentum & Low Volatility ETF
DVLU,First Trust Dorsey Wright Momentum & Value ETF
DWPP,First Trust Dorsey Wright People&#39;s Portfolio ETF
DALI,First Trust DorseyWright DALI 1 ETF
FDNI,First Trust Dow Jones International Internet ETF
FEM,First Trust Emerging Markets AlphaDEX Fund
RNEM,First Trust Emerging Markets Equity Select ETF
FEMB,First Trust Emerging Markets Local Currency Bond ETF
FEMS,First Trust Emerging Markets Small Cap AlphaDEX Fund
FTSM,First Trust Enhanced Short Maturity ETF
FEP,First Trust Europe AlphaDEX Fund
FEUZ,First Trust Eurozone AlphaDEX ETF
FGM,First Trust Germany AlphaDEX Fund
FTGC,First Trust Global Tactical Commodity Strategy Fund
FTLB,First Trust Hedged BuyWrite Income ETF
HYLS,First Trust High Yield Long/Short ETF
FHK,First Trust Hong Kong AlphaDEX Fund
NFTY,First Trust India Nifty 50 Equal Weight ETF
FTAG,First Trust Indxx Global Agriculture ETF
FTRI,First Trust Indxx Global Natural Resources Income ETF
LEGR,First Trust Indxx Innovative Transaction & Process ETF
NXTG,First Trust Indxx NextG ETF
FPXI,First Trust International Equity Opportunities ETF
FPXE,First Trust IPOX Europe Equity Opportunities ETF
FJP,First Trust Japan AlphaDEX Fund
FEX,First Trust Large Cap Core AlphaDEX Fund
FTC,First Trust Large Cap Growth AlphaDEX Fund
RNLC,First Trust Large Cap US Equity Select ETF
FTA,First Trust Large Cap Value AlphaDEX Fund
FLN,First Trust Latin America AlphaDEX Fund
LMBS,First Trust Low Duration Opportunities ETF
LDSF,First Trust Low Duration Strategic Focus ETF
FMB,First Trust Managed Municipal ETF
FMK,First Trust Mega Cap AlphaDEX Fund
FNX,First Trust Mid Cap Core AlphaDEX Fund
FNY,First Trust Mid Cap Growth AlphaDEX Fund
RNMC,First Trust Mid Cap US Equity Select ETF
FNK,First Trust Mid Cap Value AlphaDEX Fund
FAD,First Trust Multi Cap Growth AlphaDEX Fund
FAB,First Trust Multi Cap Value AlphaDEX Fund
MDIV,First Trust Multi-Asset Diversified Income Index Fund
MCEF,First Trust Municipal CEF Income Opportunity ETF
FMHI,First Trust Municipal High Income ETF
QABA,First Trust NASDAQ ABA Community Bank Index Fund
ROBT,First Trust Nasdaq Artificial Intelligence and Robotics ETF
FTXO,First Trust Nasdaq Bank ETF
QCLN,First Trust NASDAQ Clean Edge Green Energy Index Fund
GRID,First Trust NASDAQ Clean Edge Smart Grid Infrastructure Index 
CIBR,First Trust NASDAQ Cybersecurity ETF
FTXG,First Trust Nasdaq Food & Beverage ETF
CARZ,First Trust NASDAQ Global Auto Index Fund
FTXN,First Trust Nasdaq Oil & Gas ETF
FTXH,First Trust Nasdaq Pharmaceuticals ETF
FTXD,First Trust Nasdaq Retail ETF
FTXL,First Trust Nasdaq Semiconductor ETF
TDIV,First Trust NASDAQ Technology Dividend Index Fund
FTXR,First Trust Nasdaq Transportation ETF
QQEW,First Trust NASDAQ-100 Equal Weighted Index Fund
QQXT,First Trust NASDAQ-100 Ex-Technology Sector Index Fund
QTEC,First Trust NASDAQ-100- Technology Index Fund
AIRR,First Trust RBA American Industrial Renaissance ETF
RDVY,First Trust Rising Dividend Achievers ETF
RFAP,First Trust RiverFront Dynamic Asia Pacific ETF
RFDI,First Trust RiverFront Dynamic Developed International ETF
RFEM,First Trust RiverFront Dynamic Emerging Markets ETF
RFEU,First Trust RiverFront Dynamic Europe ETF
FID,First Trust S&P International Dividend Aristocrats ETF
FTSL,First Trust Senior Loan Fund ETF
FYX,First Trust Small Cap Core AlphaDEX Fund
FYC,First Trust Small Cap Growth AlphaDEX Fund
RNSC,First Trust Small Cap US Equity Select ETF
FYT,First Trust Small Cap Value AlphaDEX Fund
SDVY,First Trust SMID Cap Rising Dividend Achievers ETF
FKO,First Trust South Korea AlphaDEX Fund
FCVT,First Trust SSI Strategic Convertible Securities ETF
FDIV,First Trust Strategic Income ETF
FSZ,First Trust Switzerland AlphaDEX Fund
FIXD,First Trust TCW Opportunistic Fixed Income ETF
TUSA,First Trust Total US Market AlphaDEX ETF
FKU,First Trust United Kingdom AlphaDEX Fund
RNDV,First Trust US Equity Dividend Select ETF
FUNC,First United Corporation
FUSB,First US Bancshares
MYFW,First Western Financial
FCFS,FirstCash
SVVC,Firsthand Technology Value Fund
FSV,FirstService Corporation
FISV,Fiserv
FIVE,Five Below
FPRX,Five Prime Therapeutics
FVE,Five Star Senior Living Inc.
FIVN,Five9
FLEX,Flex Ltd.
FLXN,Flexion Therapeutics
SKOR,FlexShares Credit-Scored US Corporate Bond Index Fund
LKOR,FlexShares Credit-Scored US Long Corporate Bond Index Fund
MBSD,FlexShares Disciplined Duration MBS Index Fund
ASET,FlexShares Real Assets Allocation Index Fund
ESGG,FlexShares STOXX Global ESG Impact Index Fund
ESG,FlexShares STOXX US ESG Impact Index Fund
QLC,FlexShares US Quality Large Cap Index Fund
FPAY,FlexShopper
FPAYW,FlexShopper
FLXS,Flexsteel Industries
FLIR,FLIR Systems
FLWR,Flowr Corporation (The)
FLNT,Fluent
FLDM,Fluidigm Corporation
FFIC,Flushing Financial Corporation
FLUX,Flux Power Holdings
FNCB,FNCB Bancorp Inc.
FOMX,Foamix Pharmaceuticals Ltd.
FOCS,Focus Financial Partners Inc.
FONR,Fonar Corporation
FSCT,ForeScout Technologies
FRSX,Foresight Autonomous Holdings Ltd.
FORM,FormFactor
FORTY,Formula Systems (1985) Ltd.
FORR,Forrester Research
FRTA,Forterra
FTNT,Fortinet
FBIO,Fortress Biotech
FBIOP,Fortress Biotech
FTSV,Forty Seven
FMCI,Forum Merger II Corporation
FMCIU,Forum Merger II Corporation
FMCIW,Forum Merger II Corporation
FWRD,Forward Air Corporation
FORD,Forward Industries
FWP,Forward Pharma A/S
FOSL,Fossil Group
FOX,Fox Corporation
FOXA,Fox Corporation
FOXF,Fox Factory Holding Corp.
FRAN,Francesca&#39;s Holdings Corporation
FELE,Franklin Electric Co.
FRAF,Franklin Financial Services Corporation
FKLY,Frankly
FRED,Fred&#39;s
RAIL,Freightcar America
FEIM,Frequency Electronics
FRPT,Freshpet
FTDR,frontdoor
FTEO,FRONTEO
FTR,Frontier Communications Corporation
FRPH,FRP Holdings
FSBW,FS Bancorp
FSBC,FSB Bancorp
FTEK,Fuel Tech
FCEL,FuelCell Energy
FULC,Fulcrum Therapeutics
FLGT,Fulgent Genetics
FORK,Fuling Global Inc.
FLL,Full House Resorts
FMAX,Full Spectrum Inc.
FULT,Fulton Financial Corporation
FNKO,Funko
FHL,Futu Holdings Limited
FTFT,Future FinTech Group Inc.
FFHL,Fuwei Films (Holdings) Co.
FVCB,FVCBankcorp
WILC,G. Willi-Food International
GTHX,G1 Therapeutics
GAIA,Gaia
GLPG,Galapagos NV
GALT,Galectin Therapeutics Inc.
GLMD,Galmed Pharmaceuticals Ltd.
GMDA,Gamida Cell Ltd.
GLPI,Gaming and Leisure Properties
GRMN,Garmin Ltd.
GARS,Garrison Capital Inc.
GLIBA,GCI Liberty
GLIBP,GCI Liberty
GDS,GDS Holdings Limited
GEMP,Gemphire Therapeutics Inc.
GENC,Gencor Industries Inc.
GFN,General Finance Corporation
GFNCP,General Finance Corporation
GFNSL,General Finance Corporation
GENE,Genetic Technologies Ltd
GNFT,GENFIT S.A.
GNUS,Genius Brands International
GMAB,Genmab A/S
GNMK,GenMark Diagnostics
GNCA,Genocea Biosciences
GHDX,Genomic Health
GNPX,Genprex
GNST,GenSight Biologics S.A.
GNTX,Gentex Corporation
THRM,Gentherm Inc
GEOS,Geospace Technologies Corporation
GABC,German American Bancorp
GERN,Geron Corporation
GEVO,Gevo
ROCK,Gibraltar Industries
GIGM,GigaMedia Limited
GIII,G-III Apparel Group
GILT,Gilat Satellite Networks Ltd.
GILD,Gilead Sciences
GBCI,Glacier Bancorp
GLAD,Gladstone Capital Corporation
GLADD,Gladstone Capital Corporation
GLADN,Gladstone Capital Corporation
GOOD,Gladstone Commercial Corporation
GOODM,Gladstone Commercial Corporation
GOODO,Gladstone Commercial Corporation
GOODP,Gladstone Commercial Corporation
GAIN,Gladstone Investment Corporation
GAINL,Gladstone Investment Corporation
GAINM,Gladstone Investment Corporation
LAND,Gladstone Land Corporation
LANDP,Gladstone Land Corporation
GLBZ,Glen Burnie Bancorp
GBT,Global Blood Therapeutics
ENT,Global Eagle Entertainment Inc.
GBLI,Global Indemnity Limited
GBLIL,Global Indemnity Limited
GBLIZ,Global Indemnity Limited
SELF,Global Self Storage
GWRS,Global Water Resources
DRIV,Global X Autonomous & Electric Vehicles ETF
CLOU,Global X Cloud Computing ETF
KRMA,Global X Conscious Companies ETF
DAX,Global X DAX Germany ETF
EBIZ,Global X E-commerce ETF
FINX,Global X FinTech ETF
CHIC,Global X Funds Global X MSCI China Communication Services ETF
AIQ,Global X Future Analytics Tech ETF
GNOM,Global X Genomics & Biotechnology ETF
BFIT,Global X Health & Wellness Thematic ETF
SNSR,Global X Internet of Things ETF
LNGR,Global X Longevity Thematic ETF
MILN,Global X Millennials Thematic ETF
EFAS,Global X MSCI SuperDividend EAFE ETF
QYLD,Global X NASDAQ-100 Covered Call ETF
BOTZ,Global X Robotics & Artificial Intelligence ETF
CATH,Global X S&P 500 Catholic Values ETF
SOCL,Global X Social Media ETF
ALTY,Global X SuperDividend Alternatives ETF
SRET,Global X SuperDividend REIT ETF
YLCO,Global X YieldCo & Renewable Energy Income ETF
GLBS,Globus Maritime Limited
GLUU,Glu Mobile Inc.
GLYC,GlycoMimetics
GOGO,Gogo Inc.
GLNG,Golar LNG Limited
GMLP,Golar LNG Partners LP
GMLPP,Golar LNG Partners LP
DNJR,GOLDEN BULL LIMITED
GDEN,Golden Entertainment
GOGL,Golden Ocean Group Limited
GBDC,Golub Capital BDC
GTIM,Good Times Restaurants Inc.
GBLK,GoodBulk Ltd.
GSHD,Goosehead Insurance
GPRO,GoPro
GPAQ,Gordon Pointe Acquisition Corp.
GPAQU,Gordon Pointe Acquisition Corp.
GPAQW,Gordon Pointe Acquisition Corp.
GRSH,Gores Holdings III
GRSHU,Gores Holdings III
GRSHW,Gores Holdings III
GMHI,Gores Metropoulos
GMHIU,Gores Metropoulos
GMHIW,Gores Metropoulos
GOSS,Gossamer Bio
LOPE,Grand Canyon Education
GRVY,GRAVITY Co.
GECC,Great Elm Capital Corp.
GECCL,Great Elm Capital Corp.
GECCM,Great Elm Capital Corp.
GECCN,Great Elm Capital Corp.
GEC,Great Elm Capital Group
GLDD,Great Lakes Dredge & Dock Corporation
GSBC,Great Southern Bancorp
GRBK,Green Brick Partners
GPP,Green Plains Partners LP
GPRE,Green Plains
GCBC,Greene County Bancorp
GLAC,Greenland Acquisition Corporation
GLACR,Greenland Acquisition Corporation
GLACU,Greenland Acquisition Corporation
GLACW,Greenland Acquisition Corporation
GNLN,Greenlane Holdings
GLRE,Greenlight Reinsurance
GRNQ,Greenpro Capital Corp.
GSKY,GreenSky
GSUM,Gridsum Holding Inc.
GRIF,Griffin Industrial Realty
GRFS,Grifols
GRIN,Grindrod Shipping Holdings Ltd.
GRTS,Gritstone Oncology
GO,Grocery Outlet Holding Corp.
GRPN,Groupon
OMAB,Grupo Aeroportuario del Centro Norte S.A.B. de C.V.
GGAL,Grupo Financiero Galicia S.A.
GVP,GSE Systems
GSIT,GSI Technology
GTYH,GTY Technology Holdings
GNTY,Guaranty Bancshares
GFED,Guaranty Federal Bancshares
GH,Guardant Health
GHSI,Guardion Health Sciences
GIFI,Gulf Island Fabrication
GURE,Gulf Resources
GPOR,Gulfport Energy Corporation
GWPH,GW Pharmaceuticals Plc
GWGH,GWG Holdings
GXGX,GX Acquisiton Corp.
GXGXU,GX Acquisiton Corp.
GXGXW,GX Acquisiton Corp.
GYRO,Gyrodyne 
HEES,H&E Equipment Services
HLG,Hailiang Education Group Inc.
HNRG,Hallador Energy Company
HALL,Hallmark Financial Services
HALO,Halozyme Therapeutics
HLNE,Hamilton Lane Incorporated
HJLI,Hancock Jaffe Laboratories
HJLIW,Hancock Jaffe Laboratories
HWC,Hancock Whitney Corporation
HWCPL,Hancock Whitney Corporation
HAFC,Hanmi Financial Corporation
HONE,HarborOne Bancorp
HLIT,Harmonic Inc.
HARP,Harpoon Therapeutics
HROW,Harrow Health
HBIO,Harvard Bioscience
HCAP,Harvest Capital Credit Corporation
HCAPZ,Harvest Capital Credit Corporation
HAS,Hasbro
HA,Hawaiian Holdings
HWKN,Hawkins
HWBK,Hawthorn Bancshares
HYAC,Haymaker Acquisition Corp. II
HYACU,Haymaker Acquisition Corp. II
HYACW,Haymaker Acquisition Corp. II
HAYN,Haynes International
HDS,HD Supply Holdings
HHR,HeadHunter Group PLC
HCAT,Health Catalyst
HIIQ,Health Insurance Innovations
HSAC,Health Sciences Acquisitions Corporation
HSACU,Health Sciences Acquisitions Corporation
HSACW,Health Sciences Acquisitions Corporation
HCSG,Healthcare Services Group
HQY,HealthEquity
HSTM,HealthStream
HTLD,Heartland Express
HTLF,Heartland Financial USA
HTBX,Heat Biologics
HEBT,Hebron Technology Co.
HSII,Heidrick & Struggles International
HELE,Helen of Troy Limited
HLIO,Helios Technologies
HSDT,Helius Medical Technologies
HMTV,Hemisphere Media Group
HNNA,Hennessy Advisors
HCAC,Hennessy Capital Acquisition Corp. IV
HCACU,Hennessy Capital Acquisition Corp. IV
HCACW,Hennessy Capital Acquisition Corp. IV
HSIC,Henry Schein
HEPA,Hepion Pharmaceuticals
HTBK,Heritage Commerce Corp
HFWA,Heritage Financial Corporation
HCCI,Heritage-Crystal Clean
MLHR,Herman Miller
HRTX,Heron Therapeutics
HSKA,Heska Corporation
HX,Hexindai Inc.
HFFG,HF Foods Group Inc.
HIBB,Hibbett Sports
SNLN,Highland/iBoxx Senior Loan ETF
HPJ,Highpower International Inc
HIHO,Highway Holdings Limited
HIMX,Himax Technologies
HIFS,Hingham Institution for Savings
HSGX,Histogenics Corporation
HCCH,HL Acquisitions Corp.
HCCHR,HL Acquisitions Corp.
HCCHU,HL Acquisitions Corp.
HCCHW,HL Acquisitions Corp.
HMNF,HMN Financial
HMSY,HMS Holdings Corp
HOLI,Hollysys Automation Technologies
HOLX,Hologic
HBCP,Home Bancorp
HOMB,Home BancShares
HFBL,Home Federal Bancorp
HMST,HomeStreet
HTBI,HomeTrust Bancshares
FIXX,Homology Medicines
HOFT,Hooker Furniture Corporation
HOOK,HOOKIPA Pharma Inc.
HOPE,Hope Bancorp
HBNC,Horizon Bancorp
HRZN,Horizon Technology Finance Corporation
HZNP,Horizon Therapeutics Public Limited Company
HPT,Hospitality Properties Trust
TWNK,Hostess Brands
TWNKW,Hostess Brands
HOTH,Hoth Therapeutics
HMHC,Houghton Mifflin Harcourt Company
HWCC,Houston Wire & Cable Company
HOVNP,Hovnanian Enterprises Inc
HBMD,Howard Bancorp
HTGM,HTG Molecular Diagnostics
HTHT,Huazhu Group Limited
HUBG,Hub Group
HSON,Hudson Global
HDSN,Hudson Technologies
HHT,Huitao Technology Co.
HBAN,Huntington Bancshares Incorporated
HBANN,Huntington Bancshares Incorporated
HBANO,Huntington Bancshares Incorporated
HURC,Hurco Companies
HURN,Huron Consulting Group Inc.
HCM,Hutchison China MediTech Limited
HBP,Huttig Building Products
HVBC,HV Bancorp
HYGS,Hydrogenics Corporation
HYRE,HyreCar Inc.
IDSY,I.D. Systems
IIIV,i3 Verticals
IAC,IAC/InterActiveCorp
IBKC,IBERIABANK Corporation
IBKCN,IBERIABANK Corporation
IBKCO,IBERIABANK Corporation
IBKCP,IBERIABANK Corporation
IBEX,IBEX Holdings Limited
ICAD,icad inc.
IEP,Icahn Enterprises L.P.
ICCH,ICC Holdings
ICFI,ICF International
ICHR,Ichor Holdings
ICLK,iClick Interactive Asia Group Limited
ICLR,ICON plc
ICON,Iconix Brand Group
ICUI,ICU Medical
IPWR,Ideal Power Inc.
IDEX,Ideanomics
IDYA,IDEAYA Biosciences
INVE,Identiv
IDRA,Idera Pharmaceuticals
IDXX,IDEXX Laboratories
IESC,IES Holdings
IROQ,IF Bancorp
IFMK,iFresh Inc.
IHRT,iHeartMedia
INFO,IHS Markit Ltd.
IIVI,II-VI Incorporated
IKNX,Ikonics Corporation
ILMN,Illumina
IMAC,IMAC Holdings
IMACW,IMAC Holdings
ISNS,Image Sensing Systems
IMBI,iMedia Brands
IMMR,Immersion Corporation
ICCC,ImmuCell Corporation
IMUX,Immunic
IMGN,ImmunoGen
IMMU,Immunomedics
IMRN,Immuron Limited
IMRNW,Immuron Limited
IMMP,Immutep Limited
PI,Impinj
IMV,IMV Inc.
INCY,Incyte Corporation
INDB,Independent Bank Corp.
IBCP,Independent Bank Corporation
IBTX,Independent Bank Group
ILPT,Industrial Logistics Properties Trust
IDSA,Industrial Services of America
INFN,Infinera Corporation
INFI,Infinity Pharmaceuticals
IFRX,InflaRx N.V.
III,Information Services Group
IEA,Infrastructure and Energy Alternatives
IEAWW,Infrastructure and Energy Alternatives
IMKTA,Ingles Markets
INMD,INMODE LTD.
INMB,INmune Bio Inc.
INWK,InnerWorkings
INOD,Innodata Inc.
IPHS,Innophos Holdings
IOSP,Innospec Inc.
INNT,Innovate Biopharmaceuticals
ISSC,Innovative Solutions and Support
INVA,Innoviva
INGN,Inogen
INOV,Inovalon Holdings
INO,Inovio Pharmaceuticals
INPX,Inpixon 
INSG,Inseego Corp.
NSIT,Insight Enterprises
ISIG,Insignia Systems
INSM,Insmed
INSE,Inspired Entertainment
IIIN,Insteel Industries
PODD,Insulet Corporation
INSU,Insurance Acquisition Corp.
INSUU,Insurance Acquisition Corp.
INSUW,Insurance Acquisition Corp.
NTEC,Intec Pharma Ltd.
IART,Integra LifeSciences Holdings Corporation
IMTE,Integrated Media Technology Limited
INTC,Intel Corporation
NTLA,Intellia Therapeutics
IPAR,Inter Parfums
ICPT,Intercept Pharmaceuticals
IDCC,InterDigital
TILE,Interface
IMI,Intermolecular
INAP,Internap Corporation
IBOC,International Bancshares Corporation
IMXI,International Money Express
ISCA,International Speedway Corporation
IGLD,Internet Gold Golden Lines Ltd.
IDXG,Interpace Diagnostics Group
XENT,Intersect ENT
IPLDP,Interstate Power and Light Company
IVAC,Intevac
INTL,INTL FCStone Inc.
ITCI,Intra-Cellular Therapies Inc.
XON,Intrexon Corporation
IIN,IntriCon Corporation
INTU,Intuit Inc.
ISRG,Intuitive Surgical
PLW,Invesco 1-30 Laddered Treasury ETF
ADRA,Invesco BLDRS Asia 50 ADR Index Fund
ADRD,Invesco BLDRS Developed Markets 100 ADR Index Fund
ADRE,Invesco BLDRS Emerging Markets 50 ADR Index Fund
ADRU,Invesco BLDRS Europe Select ADR Index Fund
PKW,Invesco BuyBack Achievers ETF
PFM,Invesco Dividend Achievers ETF
PYZ,Invesco DWA Basic Materials Momentum ETF
PEZ,Invesco DWA Consumer Cyclicals Momentum ETF
PSL,Invesco DWA Consumer Staples Momentum ETF
PIZ,Invesco DWA Developed Markets Momentum ETF
PIE,Invesco DWA Emerging Markets Momentum ETF
PXI,Invesco DWA Energy Momentum ETF
PFI,Invesco DWA Financial Momentum ETF
PTH,Invesco DWA Healthcare Momentum ETF
PRN,Invesco DWA Industrials Momentum ETF
PDP,Invesco DWA Momentum ETF
DWAQ,Invesco DWA NASDAQ Momentum ETF
DWAS,Invesco DWA SmallCap Momentum ETF
DWIN,Invesco DWA Tactical Multi-Asset Income ETF
DWTR,Invesco DWA Tactical Sector Rotation ETF
PTF,Invesco DWA Technology Momentum ETF
PUI,Invesco DWA Utilities Momentum ETF
IDLB,Invesco FTSE International Low Beta Equal Weight ETF
PRFZ,Invesco FTSE RAFI US 1500 Small-Mid ETF
PIO,Invesco Global Water ETF
PGJ,Invesco Golden Dragon China ETF
PEY,Invesco High Yield Equity Dividend Achievers ETF
IPKW,Invesco International BuyBack Achievers ETF
PID,Invesco International Dividend Achievers ETF
KBWB,Invesco KBW Bank ETF
KBWD,Invesco KBW High Dividend Yield Financial ETF
KBWY,Invesco KBW Premium Yield Equity REIT ETF
KBWP,Invesco KBW Property & Casualty Insurance ETF
KBWR,Invesco KBW Regional Banking ETF
LDRI,Invesco LadderRite 0-5 Year Corporate Bond ETF
PNQI,Invesco Nasdaq Internet ETF
PDBC,Invesco Optimum Yield Diversified Commodity Strategy No K-1 ET
QQQ,Invesco QQQ Trust
ISDX,Invesco RAFI Strategic Developed ex-US ETF
ISDS,Invesco RAFI Strategic Developed ex-US Small Company ETF
ISEM,Invesco RAFI Strategic Emerging Markets ETF
IUS,Invesco RAFI Strategic US ETF
IUSS,Invesco RAFI Strategic US Small Company ETF
USLB,Invesco Russell 1000 Low Beta Equal Weight ETF
PSCD,Invesco S&P SmallCap Consumer Discretionary ETF
PSCC,Invesco S&P SmallCap Consumer Staples ETF
PSCE,Invesco S&P SmallCap Energy ETF
PSCF,Invesco S&P SmallCap Financials ETF
PSCH,Invesco S&P SmallCap Health Care ETF
PSCI,Invesco S&P SmallCap Industrials ETF
PSCT,Invesco S&P SmallCap Information Technology ETF
PSCM,Invesco S&P SmallCap Materials ETF
PSCU,Invesco S&P SmallCap Utilities & Communication Services ETF
VRIG,Invesco Variable Rate Investment Grade ETF
PHO,Invesco Water Resources ETF
ISTR,Investar Holding Corporation
ISBC,Investors Bancorp
ITIC,Investors Title Company
NVIV,InVivo Therapeutics Holdings Corp.
IONS,Ionis Pharmaceuticals
IOVA,Iovance Biotherapeutics
IPGP,IPG Photonics Corporation
CLRG,IQ Chaikin U.S. Large Cap ETF
CSML,IQ Chaikin U.S. Small Cap ETF
IQ,iQIYI
IRMD,iRadimed Corporation
IRTC,iRhythm Technologies
IRIX,IRIDEX Corporation
IRDM,Iridium Communications Inc
IRBT,iRobot Corporation
IRWD,Ironwood Pharmaceuticals
IRCP,IRSA Propiedades Comerciales S.A.
SLQD,iShares 0-5 Year Investment Grade Corporate Bond ETF
ISHG,iShares 1-3 Year International Treasury Bond ETF
SHY,iShares 1-3 Year Treasury Bond ETF
TLT,iShares 20+ Year Treasury Bond ETF
IEI,iShares 3-7 Year Treasury Bond ETF
IEF,iShares 7-10 Year Treasury Bond ETF
AIA,iShares Asia 50 ETF
USIG,iShares Broad USD Investment Grade Corporate Bond ETF
COMT,iShares Commodities Select Strategy ETF
ISTB,iShares Core 1-5 Year USD Bond ETF
IXUS,iShares Core MSCI Total International Stock ETF
IUSG,iShares Core S&P U.S. Growth ETF
IUSV,iShares Core S&P U.S. Value ETF
IUSB,iShares Core Total USD Bond Market ETF
HEWG,iShares Currency Hedged MSCI Germany ETF
SUSB,iShares ESG 1-5 Year USD Corporate Bond ETF
ESGD,iShares ESG MSCI EAFE ETF
ESGE,iShares ESG MSCI EM ETF
ESGU,iShares ESG MSCI USA ETF
SUSL,iShares ESG MSCI USA Leaders ETF
SUSC,iShares ESG USD Corporate Bond ETF
XT,iShares Exponential Technologies ETF
FALN,iShares Fallen Angels USD Bond ETF
IFEU,iShares FTSE EPRA/NAREIT Europe Index Fund
IFGL,iShares FTSE EPRA/NAREIT Global Real Estate ex-U.S. Index Fund
BGRN,iShares Global Green Bond ETF
IGF,iShares Global Infrastructure ETF
GNMA,iShares GNMA Bond ETF
HYXE,iShares iBoxx $ High Yield ex Oil & Gas Corporate Bond ETF
IGIB,iShares Intermediate-Term Corporate Bond ETF
IGOV,iShares International Treasury Bond ETF
EMB,iShares J.P. Morgan USD Emerging Markets Bond ETF
MBB,iShares MBS ETF
JKI,iShares Morningstar Mid-Cap ETF
ACWX,iShares MSCI ACWI ex US Index Fund
ACWI,iShares MSCI ACWI Index Fund
AAXJ,iShares MSCI All Country Asia ex Japan Index Fund
EWZS,iShares MSCI Brazil Small-Cap ETF
MCHI,iShares MSCI China ETF
SCZ,iShares MSCI EAFE Small-Cap ETF
EEMA,iShares MSCI Emerging Markets Asia ETF
EMXC,iShares MSCI Emerging Markets ex China ETF
EUFN,iShares MSCI Europe Financials Sector Index Fund
IEUS,iShares MSCI Europe Small-Cap ETF
RING,iShares MSCI Global Gold Miners ETF
SDG,iShares MSCI Global Impact ETF
EWJE,iShares MSCI Japan Equal Weighted ETF
EWJV,iShares MSCI Japan Value ETF
ENZL,iShares MSCI New Zealand ETF
QAT,iShares MSCI Qatar ETF
TUR,iShares MSCI Turkey ETF
UAE,iShares MSCI UAE ETF
IBB,iShares Nasdaq Biotechnology Index Fund
SOXX,iShares PHLX SOX Semiconductor Sector Index Fund
PFF,iShares Preferred and Income Securities ETF
AMCA,iShares Russell 1000 Pure U.S. Revenue ETF
EMIF,iShares S&P Emerging Markets Infrastructure Index Fund
ICLN,iShares S&P Global Clean Energy Index Fund
WOOD,iShares S&P Global Timber & Forestry Index Fund
INDY,iShares S&P India Nifty 50 Index Fund
IJT,iShares S&P Small-Cap 600 Growth ETF
DVY,iShares Select Dividend ETF
SHV,iShares Short Treasury Bond ETF
IGSB,iShares Short-Term Corporate Bond ETF
ISRL,Isramco
ITMR,Itamar Medical Ltd.
ITI,Iteris
ITRM,Iterum Therapeutics plc
ITRI,Itron
ITRN,Ituran Location and Control Ltd.
ISEE,IVERIC bio
IVENC,Ivy NextShares
IVFGC,Ivy NextShares
IVFVC,Ivy NextShares
IZEA,IZEA Worldwide
JJSF,J & J Snack Foods Corp.
MAYS,J. W. Mays
JBHT,J.B. Hunt Transport Services
JCOM,j2 Global
JKHY,Jack Henry & Associates
JACK,Jack In The Box Inc.
JAGX,Jaguar Health
JAKK,JAKKS Pacific
JRVR,James River Group Holdings
JSML,Janus Henderson Small Cap Growth Alpha ETF
JSMD,Janus Henderson Small/Mid Cap Growth Alpha ETF
JASN,Jason Industries
JAZZ,Jazz Pharmaceuticals plc
JD,JD.com
JRSH,Jerash Holdings (US)
JBLU,JetBlue Airways Corporation
JCTCF,Jewett-Cameron Trading Company
JFIN,Jiayin Group Inc.
JMU,JMU Limited
JBSS,John B. Sanfilippo & Son
JOUT,Johnson Outdoors Inc.
JNCE,Jounce Therapeutics
KALU,Kaiser Aluminum Corporation
KXIN,Kaixin Auto Holdings
KALA,Kala Pharmaceuticals
KLDO,Kaleido Biosciences
KALV,KalVista Pharmaceuticals
KMDA,Kamada Ltd.
KNDI,Kandi Technologies Group
KRTX,Karuna Therapeutics
KPTI,Karyopharm Therapeutics Inc.
KZIA,Kazia Therapeutics Limited
KBLM,KBL Merger Corp. IV
KBLMR,KBL Merger Corp. IV
KBLMU,KBL Merger Corp. IV
KBLMW,KBL Merger Corp. IV
KBSF,KBS Fashion Group Limited
KRNY,Kearny Financial
KELYA,Kelly Services
KELYB,Kelly Services
KMPH,KemPharm
KFFB,Kentucky First Federal Bancorp
KEQU,Kewaunee Scientific Corporation
KTCC,Key Tronic Corporation
KZR,Kezar Life Sciences
KFRC,Kforce
KE,Kimball Electronics
KBAL,Kimball International
KIN,Kindred Biosciences
KGJI,Kingold Jewelry Inc.
KINS,Kingstone Companies
KNSA,Kiniksa Pharmaceuticals
KNSL,Kinsale Capital Group
KIRK,Kirkland&#39;s
KTOV,Kitov Pharma Ltd.
KTOVW,Kitov Pharma Ltd.
KLAC,KLA Corporation 
KLXE,KLX Energy Services Holdings
KOD,Kodiak Sciences Inc
KOPN,Kopin Corporation
KRNT,Kornit Digital Ltd.
KOSS,Koss Corporation
KWEB,KraneShares Trust KraneShares CSI China Internet ETF
KTOS,Kratos Defense & Security Solutions
KRYS,Krystal Biotech
KLIC,Kulicke and Soffa Industries
KURA,Kura Oncology
KRUS,Kura Sushi USA
KVHI,KVH Industries
FSTR,L.B. Foster Company
LJPC,La Jolla Pharmaceutical Company
LSBK,Lake Shore Bancorp
LBAI,Lakeland Bancorp
LKFN,Lakeland Financial Corporation
LAKE,Lakeland Industries
LRCX,Lam Research Corporation
LAMR,Lamar Advertising Company
LANC,Lancaster Colony Corporation
LCA,Landcadia Holdings II
LCAHU,Landcadia Holdings II
LCAHW,Landcadia Holdings II
LNDC,Landec Corporation
LARK,Landmark Bancorp Inc.
LMRK,Landmark Infrastructure Partners LP
LMRKN,Landmark Infrastructure Partners LP
LMRKO,Landmark Infrastructure Partners LP
LMRKP,Landmark Infrastructure Partners LP
LE,Lands&#39; End
LSTR,Landstar System
LNTH,Lantheus Holdings
LTRX,Lantronix
LSCC,Lattice Semiconductor Corporation
LAUR,Laureate Education
LAWS,Lawson Products
LAZY,Lazydays Holdings
LCNB,LCNB Corporation
LPTX,LEAP THERAPEUTICS
LEGH,Legacy Housing Corporation
LTXB,LegacyTexas Financial Group
INFR,Legg Mason Global Infrastructure ETF
LVHD,Legg Mason Low Volatility High Dividend ETF
SQLV,Legg Mason Small-Cap Quality Value ETF
LACQ,Leisure Acquisition Corp.
LACQU,Leisure Acquisition Corp.
LACQW,Leisure Acquisition Corp.
LMAT,LeMaitre Vascular
TREE,LendingTree
LEVL,Level One Bancorp
LXRX,Lexicon Pharmaceuticals
LX,LexinFintech Holdings Ltd.
LFAC,LF Capital Acquistion Corp.
LFACU,LF Capital Acquistion Corp.
LFACW,LF Capital Acquistion Corp.
LGIH,LGI Homes
LHCG,LHC Group
LLIT,Lianluo Smart Limited
LBRDA,Liberty Broadband Corporation
LBRDK,Liberty Broadband Corporation
LBTYA,Liberty Global plc
LBTYB,Liberty Global plc
LBTYK,Liberty Global plc
LILA,Liberty Latin America Ltd.
LILAK,Liberty Latin America Ltd.
BATRA,Liberty Media Corporation
BATRK,Liberty Media Corporation
FWONA,Liberty Media Corporation
FWONK,Liberty Media Corporation
LSXMA,Liberty Media Corporation
LSXMB,Liberty Media Corporation
LSXMK,Liberty Media Corporation
LTRPA,Liberty TripAdvisor Holdings
LTRPB,Liberty TripAdvisor Holdings
LCUT,Lifetime Brands
LFVN,Lifevantage Corporation
LWAY,Lifeway Foods
LGND,Ligand Pharmaceuticals Incorporated
LTBR,Lightbridge Corporation
LPTH,LightPath Technologies
LLEX,Lilis Energy
LMB,Limbach Holdings
LLNW,Limelight Networks
LMST,Limestone Bancorp
LMNR,Limoneira Co
LINC,Lincoln Educational Services Corporation
LECO,Lincoln Electric Holdings
LIND,Lindblad Expeditions Holdings Inc. 
LPCN,Lipocine Inc.
LIQT,LiqTech International
YVR,Liquid Media Group Ltd.
LQDA,Liquidia Technologies
LQDT,Liquidity Services
LFUS,Littelfuse
LIVN,LivaNova PLC
LOB,Live Oak Bancshares
LIVE,Live Ventures Incorporated
LPSN,LivePerson
LIVX,LiveXLive Media
LVGO,Livongo Health
LKQ,LKQ Corporation
LMFA,LM Funding America
LMFAW,LM Funding America
LOGC,LogicBio Therapeutics
LOGI,Logitech International S.A.
LOGM,LogMein
CNCR,Loncar Cancer Immunotherapy ETF
CHNA,Loncar China BioPharma ETF
LONE,Lonestar Resources US Inc.
LOAC,Longevity Acquisition Corporation
LOACR,Longevity Acquisition Corporation
LOACU,Longevity Acquisition Corporation
LOACW,Longevity Acquisition Corporation
LOOP,Loop Industries
LORL,Loral Space and Communications
LPLA,LPL Financial Holdings Inc.
LRAD,LRAD Corporation
LYTS,LSI Industries Inc.
LK,Luckin Coffee Inc.
LULU,lululemon athletica inc.
LITE,Lumentum Holdings Inc.
LMNX,Luminex Corporation
LUNA,Luna Innovations Incorporated
LKCO,Luokung Technology Corp
LBC,Luther Burbank Corporation
LYFT,Lyft
MBTF,M B T Financial Corp
MCBC,Macatawa Bank Corporation
MFNC,Mackinac Financial Corporation
MTSI,MACOM Technology Solutions Holdings
MGNX,MacroGenics
MDGL,Madrigal Pharmaceuticals
MAGS,Magal Security Systems Ltd.
MGLN,Magellan Health
MGTA,Magenta Therapeutics
MGIC,Magic Software Enterprises Ltd.
MGYR,Magyar Bancorp
MHLD,Maiden Holdings
MNSB,MainStreet Bancshares
MJCO,Majesco
MMYT,MakeMyTrip Limited
MBUU,Malibu Boats
MLVF,Malvern Bancorp
MAMS,MAM Software Group
TUSK,Mammoth Energy Services
MANH,Manhattan Associates
LOAN,Manhattan Bridge Capital
MNTX,Manitex International
MTEX,Mannatech
MNKD,MannKind Corporation
MANT,ManTech International Corporation
MARA,Marathon Patent Group
MCHX,Marchex
MRIN,Marin Software Incorporated
MARPS,Marine Petroleum Trust
MRNS,Marinus Pharmaceuticals
MRKR,Marker Therapeutics
MKTX,MarketAxess Holdings
MRLN,Marlin Business Services Corp.
MAR,Marriott International
MBII,Marrone Bio Innovations
MRTN,Marten Transport
MMLP,Martin Midstream Partners L.P.
MRVL,Marvell Technology Group Ltd.
MASI,Masimo Corporation
MCFT,MasterCraft Boat Holdings
MTCH,Match Group
MTLS,Materialise NV
MTRX,Matrix Service Company
MAT,Mattel
MATW,Matthews International Corporation
MXIM,Maxim Integrated Products
MGRC,McGrath RentCorp
MDCA,MDC Partners Inc.
MDJH,MDJM LTD
MDRR,Medalist Diversified REIT
MFIN,Medallion Financial Corp.
MFINL,Medallion Financial Corp.
MNOV,MediciNova
MDSO,Medidata Solutions
MDGS,Medigus Ltd.
MDGSW,Medigus Ltd.
MDWD,MediWound Ltd.
MEDP,Medpace Holdings
MEIP,MEI Pharma
MGTX,MeiraGTx Holdings plc
MLCO,Melco Resorts & Entertainment Limited
MLNT,Melinta Therapeutics
MLNX,Mellanox Technologies
MNLO,Menlo Therapeutics Inc.
MTSL,MER Telemanagement Solutions Ltd.
MELI,MercadoLibre
MBWM,Mercantile Bank Corporation
MERC,Mercer International Inc.
MBIN,Merchants Bancorp
MBINO,Merchants Bancorp
MBINP,Merchants Bancorp
MRCY,Mercury Systems Inc
MREO,Mereo BioPharma Group plc
EBSB,Meridian Bancorp
VIVO,Meridian Bioscience Inc.
MRBK,Meridian Corporation
MMSI,Merit Medical Systems
MACK,Merrimack Pharmaceuticals
MRSN,Mersana Therapeutics
MRUS,Merus N.V.
MESA,Mesa Air Group
MLAB,Mesa Laboratories
MESO,Mesoblast Limited
CASH,Meta Financial Group
MEOH,Methanex Corporation
MGEE,MGE Energy Inc.
MGPI,MGP Ingredients
MBOT,Microbot Medical Inc. 
MCHP,Microchip Technology Incorporated
MU,Micron Technology
MSFT,Microsoft Corporation
MSTR,MicroStrategy Incorporated
MVIS,Microvision
MICT,MICT
MPB,Mid Penn Bancorp
MTP,Midatech Pharma PLC
MCEP,Mid-Con Energy Partners
MBCN,Middlefield Banc Corp.
MSEX,Middlesex Water Company
MSBI,Midland States Bancorp
MSVB,Mid-Southern Bancorp
MOFG,MidWestOne Financial Group
MIST,Milestone Pharmaceuticals Inc.
MLND,Millendo Therapeutics
TIGO,Millicom International Cellular S.A.
MIME,Mimecast Limited
MNDO,MIND C.T.I. Ltd.
NERV,Minerva Neurosciences
MGEN,Miragen Therapeutics
MRTX,Mirati Therapeutics
MIRM,Mirum Pharmaceuticals
MSON,MISONIX
MIND,Mitcham Industries
MINDP,Mitcham Industries
MITK,Mitek Systems
MKSI,MKS Instruments
MMAC,MMA Capital Holdings
MTC,MMTec
MINI,Mobile Mini
MOBL,MobileIron
MMDM,Modern Media Acquisition Corp.
MMDMR,Modern Media Acquisition Corp.
MMDMU,Modern Media Acquisition Corp.
MMDMW,Modern Media Acquisition Corp.
MRNA,Moderna
MOGO,Mogo Inc.
MWK,Mohawk Group Holdings
MTEM,Molecular Templates
MBRX,Moleculin Biotech
MNTA,Momenta Pharmaceuticals
MOMO,Momo Inc.
MKGI,Monaker Group
MCRI,Monarch Casino & Resort
MDLZ,Mondelez International
MGI,Moneygram International
MDB,MongoDB
MNCL,Monocle Acquisition Corporation
MNCLU,Monocle Acquisition Corporation
MNCLW,Monocle Acquisition Corporation
MPWR,Monolithic Power Systems
TYPE,Monotype Imaging Holdings Inc.
MNRO,Monro
MRCC,Monroe Capital Corporation
MRCCL,Monroe Capital Corporation
MNST,Monster Beverage Corporation
MORN,Morningstar
MORF,Morphic Holding
MOR,MorphoSys AG
MOSY,MoSys
MOTA,Mota Group
MTFB,Motif Bio plc
MTFBW,Motif Bio plc
MPAA,Motorcar Parts of America
MOTS,Motus GI Holdings
MPVD,Mountain Province Diamonds Inc.
MOXC,Moxian
COOP,Mr. Cooper Group Inc.
MSBF,MSB Financial Corp.
MTBC,MTBC
MTBCP,MTBC
MTSC,MTS Systems Corporation
MUDS,Mudrick Capital Acquisition Corporation
MUDSU,Mudrick Capital Acquisition Corporation
MUDSW,Mudrick Capital Acquisition Corporation
MBIO,Mustang Bio
MFSF,MutualFirst Financial Inc.
MVBF,MVB Financial Corp.
MYSZ,My Size
MYL,Mylan N.V.
MYOK,MyoKardia
MYOS,MYOS RENS Technology Inc.
MYRG,MYR Group
MYGN,Myriad Genetics
NBRV,Nabriva Therapeutics plc
NAKD,Naked Brand Group Limited
NNDM,Nano Dimension Ltd.
NANO,Nanometrics Incorporated
NSTG,NanoString Technologies
NAOV,NanoVibronix
NH,NantHealth
NK,NantKwest
NSSC,NAPCO Security Technologies
NDAQ,Nasdaq
NTRA,Natera
NATH,Nathan&#39;s Famous
NKSH,National Bankshares
FIZZ,National Beverage Corp.
NCMI,National CineMedia
NESR,National Energy Services Reunited Corp.
NESRW,National Energy Services Reunited Corp.
NGHC,National General Holdings Corp
NGHCN,National General Holdings Corp
NGHCO,National General Holdings Corp
NGHCP,National General Holdings Corp
NGHCZ,National General Holdings Corp
NHLD,National Holdings Corporation
NHLDW,National Holdings Corporation
NATI,National Instruments Corporation
NRC,National Research Corporation
NSEC,National Security Group
EYE,National Vision Holdings
NWLI,National Western Life Group
NAII,Natural Alternatives International
NHTC,Natural Health Trends Corp.
NATR,Nature&#39;s Sunshine Products
NTUS,Natus Medical Incorporated
JSM,Navient Corporation
NAVI,Navient Corporation
NMCI,Navios Maritime Containers L.P.
NBCP,NB Capital Acquisition Corp.
NBTB,NBT Bancorp Inc.
NCSM,NCS Multistage Holdings
NEBU,Nebula Acquisition Corporation
NEBUU,Nebula Acquisition Corporation
NEBUW,Nebula Acquisition Corporation
NKTR,Nektar Therapeutics
NMRD,Nemaura Medical Inc.
NEOG,Neogen Corporation
NEO,NeoGenomics
NLTX,Neoleukin Therapeutics
NTGN,Neon Therapeutics
NEON,Neonode Inc.
NEOS,Neos Therapeutics
NVCN,Neovasc Inc.
NEPH,Nephros
NEPT,Neptune Wellness Solutions Inc.
UEPS,Net 1 UEPS Technologies
NETE,Net Element
NTAP,NetApp
NTES,NetEase
NFIN,Netfin Acquisition Corp.
NFINU,Netfin Acquisition Corp.
NFINW,Netfin Acquisition Corp.
NFLX,Netflix
NTGR,NETGEAR
NTCT,NetScout Systems
NTWK,NetSol Technologies Inc.
NBSE,NeuBase Therapeutics
CUR,Neuralstem
NBIX,Neurocrine Biosciences
NURO,NeuroMetrix
NUROW,NeuroMetrix
STIM,Neuronetics
NTRP,Neurotrope
NBEV,New Age Beverages Corporation
NFE,New Fortress Energy LLC
NYMT,New York Mortgage Trust
NYMTN,New York Mortgage Trust
NYMTO,New York Mortgage Trust
NYMTP,New York Mortgage Trust
NEWA,Newater Technology
NWL,Newell Brands Inc.
NLNK,NewLink Genetics Corporation
NMRK,Newmark Group
NWS,News Corporation
NWSA,News Corporation
NEWT,Newtek Business Services Corp.
NEWTI,Newtek Business Services Corp.
NEWTL,Newtek Business Services Corp.
NEWTZ,Newtek Business Services Corp.
NXMD,Nexeon Medsystems
NXST,Nexstar Media Group
NXTC,NextCure
NEXT,NextDecade Corporation
NXGN,NextGen Healthcare
BIMI,NF Energy Saving Corporation
NGM,NGM Biopharmaceuticals
NODK,NI Holdings
EGOV,NIC Inc.
NICE,NICE Ltd
NICK,Nicholas Financial
NCBS,Nicolet Bankshares Inc.
NIHD,NII Holdings
NIU,Niu Technologies
LASR,nLIGHT
NMIH,NMI Holdings Inc
NNBR,NN
NDLS,Noodles & Company
NDSN,Nordson Corporation
NSYS,Nortech Systems Incorporated
NBN,Northeast Bank
NTIC,Northern Technologies International Corporation
NTRS,Northern Trust Corporation
NTRSP,Northern Trust Corporation
NFBK,Northfield Bancorp
NRIM,Northrim BanCorp Inc
NWBI,Northwest Bancshares
NWPX,Northwest Pipe Company
NCLH,Norwegian Cruise Line Holdings Ltd.
NWFL,Norwood Financial Corp.
NVFY,Nova Lifestyle
NVMI,Nova Measuring Instruments Ltd.
NOVN,Novan
NOVT,Novanta Inc.
NVAX,Novavax
NVLN,Novelion Therapeutics Inc. 
NVCR,NovoCure Limited
NVUS,Novus Therapeutics
NUAN,Nuance Communications
NCNA,NuCana plc
NTNX,Nutanix
NUVA,NuVasive
NVTR,Nuvectra Corporation
QQQX,Nuveen NASDAQ 100 Dynamic Overwrite Fund
NVEE,NV5 Global
NVEC,NVE Corporation
NVDA,NVIDIA Corporation
NXPI,NXP Semiconductors N.V.
NXTD,NXT-ID Inc.
NXTDW,NXT-ID Inc.
NYMX,Nymox Pharmaceutical Corporation
OIIM,O2Micro International Limited
OVLY,Oak Valley Bancorp (CA)
OCSL,Oaktree Specialty Lending Corporation
OCSLL,Oaktree Specialty Lending Corporation
OCSI,Oaktree Strategic Income Corporation
OBLN,Obalon Therapeutics
OBSV,ObsEva SA
OBCI,Ocean Bio-Chem
OPTT,Ocean Power Technologies
OCFC,OceanFirst Financial Corp.
OFED,Oconee Federal Financial Corp.
OCUL,Ocular Therapeutix
ODT,Odonate Therapeutics
OMEX,Odyssey Marine Exploration
ODP,Office Depot
OPI,Office Properties Income Trust
OPINI,Office Properties Income Trust
OFS,OFS Capital Corporation
OFSSL,OFS Capital Corporation
OFSSZ,OFS Capital Corporation
OCCI,OFS Credit Company
OCCIP,OFS Credit Company
OHAI,OHA Investment Corporation
OVBC,Ohio Valley Banc Corp.
OKTA,Okta
ODFL,Old Dominion Freight Line
OLBK,Old Line Bancshares
ONB,Old National Bancorp
OPOF,Old Point Financial Corporation
OSBC,Old Second Bancorp
OSBCP,Old Second Bancorp
OLLI,Ollie&#39;s Bargain Outlet Holdings
ZEUS,Olympic Steel
OFLX,Omega Flex
OMER,Omeros Corporation
OMCL,Omnicell
ON,ON Semiconductor Corporation
OTIV,On Track Innovations Ltd
ONCY,Oncolytics Biotech Inc.
ONTX,Onconova Therapeutics
ONTXW,Onconova Therapeutics
ONCS,OncoSec Medical Incorporated
ONCT,Oncternal Therapeutics
OSS,One Stop Systems
OSPN,OneSpan Inc.
OSW,OneSpaWorld Holdings Limited
OPBK,OP Bancorp
OTEX,Open Text Corporation
OPRA,Opera Limited
OPES,Opes Acquisition Corp.
OPESU,Opes Acquisition Corp.
OPESW,Opes Acquisition Corp.
OPGN,OpGen
OPGNW,OpGen
OPNT,Opiant Pharmaceuticals
OPK,Opko Health
OBAS,Optibase Ltd.
OCC,Optical Cable Corporation
OPRX,OptimizeRx Corporation
OPHC,OptimumBank Holdings
OPTN,OptiNose
BIOS,Option Care Health
OPB,Opus Bank
ORMP,Oramed Pharmaceuticals Inc.
OSUR,OraSure Technologies
ORBC,ORBCOMM Inc.
ORTX,Orchard Therapeutics plc
ORLY,O&#39;Reilly Automotive
OGI,Organigram Holdings Inc.
ORGO,Organogenesis Holdings Inc. 
ONVO,Organovo Holdings
ORGS,Orgenesis Inc.
SEED,Origin Agritech Limited
OBNK,Origin Bancorp
OESX,Orion Energy Systems
ORSNU,Orisun Acquisition Corp.
ORIT,Oritani Financial Corp.
ORRF,Orrstown Financial Services Inc
OFIX,Orthofix Medical Inc. 
KIDS,OrthoPediatrics Corp.
OSIS,OSI Systems
OSMT,Osmotica Pharmaceuticals plc
OSN,Ossen Innovation Co.
OTEL,Otelco Inc.
OTG,OTG EXP
OTIC,Otonomy
OTTW,Ottawa Bancorp
OTTR,Otter Tail Corporation
OTLK,Outlook Therapeutics
OTLKW,Outlook Therapeutics
OSTK,Overstock.com
OVID,Ovid Therapeutics Inc.
OXBR,Oxbridge Re Holdings Limited
OXBRW,Oxbridge Re Holdings Limited
OXFD,Oxford Immunotec Global PLC
OXLC,Oxford Lane Capital Corp.
OXLCM,Oxford Lane Capital Corp.
OXLCO,Oxford Lane Capital Corp.
OXSQ,Oxford Square Capital Corp.
OXSQL,Oxford Square Capital Corp.
OXSQZ,Oxford Square Capital Corp.
PFIN,P & F Industries
PTSI,P.A.M. Transportation Services
PCAR,PACCAR Inc.
HERD,Pacer Cash Cows Fund of Funds ETF
ECOW,Pacer Emerging Markets Cash Cows 100 ETF
VETS,Pacer Military Times Best Employers ETF
PACB,Pacific Biosciences of California
PEIX,Pacific Ethanol
PMBC,Pacific Mercantile Bancorp
PPBI,Pacific Premier Bancorp Inc
PCRX,Pacira BioSciences
PACW,PacWest Bancorp
PLMR,Palomar Holdings
PAAS,Pan American Silver Corp.
PANL,Pangaea Logistics Solutions Ltd.
PZZA,Papa John&#39;s International
PRTK,Paratek Pharmaceuticals
TEUM,Pareteum Corporation
PNRL,Paringa Resources Limited
PCYG,Park City Group
PKBK,Parke Bancorp
PKOH,Park-Ohio Holdings Corp.
PTNR,Partner Communications Company Ltd.
PBHC,Pathfinder Bancorp
PATK,Patrick Industries
PNBK,Patriot National Bancorp Inc.
PATI,Patriot Transportation Holding
PEGI,Pattern Energy Group Inc.
PDCO,Patterson Companies
PTEN,Patterson-UTI Energy
PAVM,PAVmed Inc.
PAVMW,PAVmed Inc.
PAVMZ,PAVmed Inc.
PAYX,Paychex
PCTY,Paylocity Holding Corporation
PYPL,PayPal Holdings
PAYS,Paysign
PBBI,PB Bancorp
CNXN,PC Connection
PCB,PCB Bancorp
PCIM,PCI Media
PCMI,PCM
PCSB,PCSB Financial Corporation
PCTI,PC-Tel
PDCE,PDC Energy
PDFS,PDF Solutions
PDLI,PDL BioPharma
PDLB,PDL Community Bancorp
PDSB,PDS Biotechnology Corporation
SKIS,Peak Resorts
PGC,Peapack-Gladstone Financial Corporation
PEER,PeerStream
PEGA,Pegasystems Inc.
PENN,Penn National Gaming
PVAC,Penn Virginia Corporation
PFLT,PennantPark Floating Rate Capital Ltd.
PNNT,PennantPark Investment Corporation
PWOD,Penns Woods Bancorp
WRLS,Pensare Acquisition Corp.
WRLSR,Pensare Acquisition Corp.
WRLSU,Pensare Acquisition Corp.
WRLSW,Pensare Acquisition Corp.
PEBO,Peoples Bancorp Inc.
PEBK,Peoples Bancorp of North Carolina
PFIS,Peoples Financial Services Corp. 
PBCT,People&#39;s United Financial
PBCTP,People&#39;s United Financial
PUB,People&#39;s Utah Bancorp
PEP,Pepsico
PRCP,Perceptron
PRFT,Perficient
DCIX,Performance Shipping Inc.
PFMT,Performant Financial Corporation
PERI,Perion Network Ltd
PESI,Perma-Fix Environmental Services
PPIH,Perma-Pipe International Holdings
PSNL,Personalis
PETQ,PetIQ
PETS,PetMed Express
PFSW,PFSweb
PGTI,PGT Innovations
PHAS,PhaseBio Pharmaceuticals
PAHC,Phibro Animal Health Corporation
PHIO,Phio Pharmaceuticals Corp.
PHIOW,Phio Pharmaceuticals Corp.
PLAB,Photronics
PHUN,Phunware
PHUNW,Phunware
PICO,PICO Holdings Inc.
PLL,Piedmont Lithium Limited
PIRS,Pieris Pharmaceuticals
PPC,Pilgrim&#39;s Pride Corporation
PDD,Pinduoduo Inc.
PME,Pingtan Marine Enterprise Ltd.
PNFP,Pinnacle Financial Partners
PT,Pintec Technology Holdings Limited
PBFS,Pioneer Bancorp
PPSI,Pioneer Power Solutions
PXLW,Pixelworks
PLYA,Playa Hotels & Resorts N.V.
PLXS,Plexus Corp.
PLUG,Plug Power
PLBC,Plumas Bancorp
PS,Pluralsight
PSTI,Pluristem Therapeutics
PSTV,PLUS THERAPEUTICS
PSTVZ,PLUS THERAPEUTICS
PLXP,PLx Pharma Inc.
PNTR,Pointer Telocation Ltd.
PCOM,Points International
POLA,Polar Power
PTE,PolarityTE
POLY,PolyPid Ltd.
POOL,Pool Corporation
POPE,Pope Resources
BPOP,Popular
BPOPM,Popular
BPOPN,Popular
KCAPL,Portman Ridge Finance Corporation
PTMN,Portman Ridge Finance Corporation
PTLA,Portola Pharmaceuticals
PPHI,Positive Physicians Holdings
PBPB,Potbelly Corporation
PCH,PotlatchDeltic Corporation
POWL,Powell Industries
POWI,Power Integrations
PBTS,Powerbridge Technologies Co.
PRAA,PRA Group
PRAH,PRA Health Sciences
PRPO,Precipio
DTIL,Precision BioSciences
POAI,Predictive Oncology Inc.
PFBC,Preferred Bank
PLPC,Preformed Line Products Company
PFBI,Premier Financial Bancorp
PINC,Premier
PSDO,Presidio
PBIO,Pressure BioSciences
PRVL,Prevail Therapeutics Inc.
PRGX,PRGX Global
PSMT,PriceSmart
PNRG,PrimeEnergy Resources Corporation
PRMW,Primo Water Corporation
PRIM,Primoris Services Corporation
PVAL,Principal Contrarian Value Index ETF
PFG,Principal Financial Group Inc
BTEC,Principal Healthcare Innovators Index ETF
PDEV,Principal International Multi-Factor Core Index ETF
GENY,Principal Millennials Index ETF
PSET,Principal Price Setters Index ETF
PY,Principal Shareholder Yield Index ETF
PMOM,Principal Sustainable Momentum Index ETF
PLC,Principal U.S. Large-Cap Multi-Factor Core Index ETF
USMC,Principal U.S. Mega-Cap Multi-Factor Index ETF
PSC,Principal U.S. Small-Cap Multi-Factor Index ETF
PSM,Principal U.S. Small-MidCap Multi-Factor Core Index ETF
PRNB,Principia Biopharma Inc.
PRTH,Priority Technology Holdings
PDEX,Pro-Dex
IPDN,Professional Diversity Network
PAAC,Proficient Alpha Acquisition Corp.
PAACR,Proficient Alpha Acquisition Corp.
PAACU,Proficient Alpha Acquisition Corp.
PAACW,Proficient Alpha Acquisition Corp.
PFIE,Profire Energy
PGNX,Progenics Pharmaceuticals Inc.
PRGS,Progress Software Corporation
LUNG,ProLung
PFPT,Proofpoint
PRPH,ProPhase Labs
PRQR,ProQR Therapeutics N.V.
EQRR,ProShares Equities for Rising Rates ETF
BIB,ProShares Ultra Nasdaq Biotechnology
UBIO,Proshares UltraPro Nasdaq Biotechnology
TQQQ,ProShares UltraPro QQQ
ZBIO,ProShares UltraPro Short NASDAQ Biotechnology
SQQQ,ProShares UltraPro Short QQQ
BIS,ProShares UltraShort Nasdaq Biotechnology
PSEC,Prospect Capital Corporation
PTGX,Protagonist Therapeutics
PTVCA,Protective Insurance Corporation
PTVCB,Protective Insurance Corporation
PRTO,Proteon Therapeutics
PTI,Proteostasis Therapeutics
PRTA,Prothena Corporation plc
PRVB,Provention Bio
PVBC,Provident Bancorp
PROV,Provident Financial Holdings
PBIP,Prudential Bancorp
PMD,Psychemedics Corporation
PTC,PTC Inc.
PTCT,PTC Therapeutics
PHCF,PUHUI WEALTH INVESTMENT MANAGEMENT CO.
PULM,Pulmatrix
PLSE,Pulse Biosciences
PBYI,Puma Biotechnology Inc
PACQ,Pure Acquisition Corp.
PACQU,Pure Acquisition Corp.
PACQW,Pure Acquisition Corp.
PCYO,Pure Cycle Corporation
PRPL,Purple Innovation
PUYI,Puyi Inc.
PXS,Pyxis Tankers Inc.
QADA,QAD Inc.
QADB,QAD Inc.
QCRH,QCR Holdings
QGEN,Qiagen N.V.
QIWI,QIWI plc
QRVO,Qorvo
QCOM,QUALCOMM Incorporated
QBAK,Qualstar Corporation
QLYS,Qualys
QTRX,Quanterix Corporation
QTRH,Quarterhill Inc.
QRHC,Quest Resource Holding Corporation
QUIK,QuickLogic Corporation
QDEL,Quidel Corporation
QNST,QuinStreet
QUMU,Qumu Corporation
QTNT,Quotient Limited
QRTEA,Qurate Retail
QRTEB,Qurate Retail
QTT,Qutoutiao Inc.
RRD,R.R. Donnelley & Sons Company
RCM,R1 RCM Inc.
RARX,Ra Pharmaceuticals
RADA,RADA Electronic Industries Ltd.
RDCM,Radcom Ltd.
RDUS,Radius Health
RDNT,RadNet
RDWR,Radware Ltd.
METC,Ramaco Resources
RMBS,Rambus
RAND,Rand Capital Corporation
RNDB,Randolph Bancorp
RPD,Rapid7
RAPT,RAPT Therapeutics
RTLR,Rattler Midstream LP
RAVE,Rave Restaurant Group
RAVN,Raven Industries
RBB,RBB Bancorp
ROLL,RBC Bearings Incorporated
RICK,RCI Hospitality Holdings
RCMT,RCM Technologies
RDI,Reading International Inc
RDIB,Reading International Inc
BCNA,Reality Shares Nasdaq NexGen Economy China ETF
BLCN,Reality Shares Nasdaq NextGen Economy ETF
RNWK,RealNetworks
RP,RealPage
RETA,Reata Pharmaceuticals
RCON,Recon Technology
REPH,Recro Pharma
RRBI,Red River Bancshares
RRGB,Red Robin Gourmet Burgers
RRR,Red Rock Resorts
RDVT,Red Violet
RDFN,Redfin Corporation
RDHL,Redhill Biopharma Ltd.
RBZ,Reebonz Holding Limited
REED,Reeds
REG,Regency Centers Corporation
REGN,Regeneron Pharmaceuticals
RGNX,REGENXBIO Inc.
RGLS,Regulus Therapeutics Inc.
REKR,Rekor Systems
RBNC,Reliant Bancorp
RELV,Reliv&#39; International
MARK,Remark Holdings
RRI,Remora Royalties
RNST,Renasant Corporation
REGI,Renewable Energy Group
RCII,Rent-A-Center Inc.
RPAY,Repay Holdings Corporation
RGEN,Repligen Corporation
REPL,Replimune Group
RBCAA,Republic Bancorp
FRBK,Republic First Bancorp
REFR,Research Frontiers Incorporated
RESN,Resonant Inc.
RECN,Resources Connection
HAIR,Restoration Robotics
TORC,resTORbio
ROIC,Retail Opportunity Investments Corp.
RETO,ReTo Eco-Solutions
RTRX,Retrophin
RVNC,Revance Therapeutics
RVEN,Reven Housing REIT
RVLT,Revolution Lighting Technologies
RWLK,ReWalk Robotics Ltd.
REXN,Rexahn Pharmaceuticals
RFIL,RF Industries
RGCO,RGC Resources Inc.
RBKB,Rhinebeck Bancorp
RYTM,Rhythm Pharmaceuticals
RBBN,Ribbon Communications Inc. 
RIBT,RiceBran Technologies
RELL,Richardson Electronics
RMBI,Richmond Mutual Bancorporation
RIGL,Rigel Pharmaceuticals
RNET,RigNet
RMNI,Rimini Street
RIOT,Riot Blockchain
REDU,RISE Education Cayman Ltd
RTTR,Ritter Pharmaceuticals
RVSB,Riverview Bancorp Inc
RIVE,Riverview Financial Corporation
RCKT,Rocket Pharmaceuticals
RMTI,Rockwell Medical
RCKY,Rocky Brands
RMCF,Rocky Mountain Chocolate Factory
ROKU,Roku
ROSE,Rosehill Resources Inc.
ROSEU,Rosehill Resources Inc.
ROSEW,Rosehill Resources Inc.
ROST,Ross Stores
RGLD,Royal Gold
RTIX,RTI Surgical Holdings
RBCN,Rubicon Technology
RUBY,Rubius Therapeutics
RUHN,Ruhnn Holding Limited
RMBL,RumbleOn
RUSHA,Rush Enterprises
RUSHB,Rush Enterprises
RUTH,Ruth&#39;s Hospitality Group
RYAAY,Ryanair Holdings plc
STBA,S&T Bancorp
SANW,S&W Seed Company
SBRA,Sabra Health Care REIT
SABR,Sabre Corporation
SAEX,SAExploration Holdings
SFET,Safe-T Group Ltd.
SAFT,Safety Insurance Group
SGA,Saga Communications
SAGE,Sage Therapeutics
SAIA,Saia
SLRX,Salarius Pharmaceuticals
SALM,Salem Media Group
SAL,Salisbury Bancorp
SAFM,Sanderson Farms
SASR,Sandy Spring Bancorp
SGMO,Sangamo Therapeutics
SANM,Sanmina Corporation
GCVRZ,Sanofi
SNY,Sanofi
SPNS,Sapiens International Corporation N.V.
SRPT,Sarepta Therapeutics
SVRA,Savara
SBFG,SB Financial Group
SBFGP,SB Financial Group
SBBX,SB One Bancorp
SBAC,SBA Communications Corporation
SCSC,ScanSource
SMIT,Schmitt Industries
SCHN,Schnitzer Steel Industries
SRRK,Scholar Rock Holding Corporation
SCHL,Scholastic Corporation
SAMA,Schultze Special Purpose Acquisition Corp.
SAMAU,Schultze Special Purpose Acquisition Corp.
SAMAW,Schultze Special Purpose Acquisition Corp.
SGMS,Scientific Games Corp
SCPL,SciPlay Corporation
SCPH,scPharmaceuticals Inc.
WORX,SCWorx Corp.
SCYX,SCYNEXIS
SEAC,SeaChange International
SBCF,Seacoast Banking Corporation of Florida
STX,Seagate Technology PLC
SHIP,Seanergy Maritime Holdings Corp
SHIPW,Seanergy Maritime Holdings Corp
SHIPZ,Seanergy Maritime Holdings Corp
SHOS,Sears Hometown and Outlet Stores
SPNE,SeaSpine Holdings Corporation
SGEN,Seattle Genetics
EYES,Second Sight Medical Products
EYESW,Second Sight Medical Products
SECO,Secoo Holding Limited
SCWX,SecureWorks Corp.
SNFCA,Security National Financial Corporation
SEEL,Seelos Therapeutics
SEIC,SEI Investments Company
SLCT,Select Bancorp
SIC,Select Interior Concepts
SELB,Selecta Biosciences
SIGI,Selective Insurance Group
SLS,SELLAS Life Sciences Group
LEDS,SemiLEDS Corporation
SMTC,Semtech Corporation
SENEA,Seneca Foods Corp.
SENEB,Seneca Foods Corp.
SNES,SenesTech
SNH,Senior Housing Properties Trust
SNHNI,Senior Housing Properties Trust
SNHNL,Senior Housing Properties Trust
AIHS,Senmiao Technology Limited
SRTS,Sensus Healthcare
SRTSW,Sensus Healthcare
STNL,Sentinel Energy Services Inc.
STNLU,Sentinel Energy Services Inc.
STNLW,Sentinel Energy Services Inc.
SQBG,Sequential Brands Group
MCRB,Seres Therapeutics
SREV,ServiceSource International
SFBS,ServisFirst Bancshares
SESN,Sesen Bio
SVBI,Severn Bancorp Inc
SGBX,SG Blocks
SGOC,SGOCO Group
SMED,Sharps Compliance Corp.
SHSP,SharpSpring
SHEN,Shenandoah Telecommunications Co
PIXY,ShiftPixy
SHLO,Shiloh Industries
SCCI,Shimmick Construction Company
TYHT,Shineco
SWAV,ShockWave Medical
SCVL,Shoe Carnival
SHBI,Shore Bancshares Inc
SSTI,ShotSpotter
SFLY,Shutterfly
SIBN,SI-BONE
SIEB,Siebert Financial Corp.
SNNA,Sienna Biopharmaceuticals
SIEN,Sientra
BSRR,Sierra Bancorp
SRRA,Sierra Oncology
SWIR,Sierra Wireless
SIFY,Sify Technologies Limited
SIGA,SIGA Technologies Inc.
SGLB,Sigma Labs
SGLBW,Sigma Labs
SGMA,SigmaTron International
SBNY,Signature Bank
SLGN,Silgan Holdings Inc.
SILC,Silicom Ltd
SLAB,Silicon Laboratories
SIMO,Silicon Motion Technology Corporation
SILK,Silk Road Medical
SSPKU,Silver Spike Acquisition Corp.
SAMG,Silvercrest Asset Management Group Inc.
SSNT,SilverSun Technologies
SFNC,Simmons First National Corporation
SLP,Simulations Plus
SINA,Sina Corporation
SBGI,Sinclair Broadcast Group
SINO,Sino-Global Shipping America
SVA,Sinovac Biotech
SINT,SiNtx Technologies
SG,Sirius International Insurance Group
SIRI,Sirius XM Holdings Inc.
SRVA,SIRVA
SITO,SITO Mobile
SKYS,Sky Solar Holdings
SKYW,SkyWest
SWKS,Skyworks Solutions
SNBR,Sleep Number Corporation
SLM,SLM Corporation
SLMBP,SLM Corporation
SGH,SMART Global Holdings
SND,Smart Sand
SMBK,SmartFinancial
SMSI,Smith Micro Software
SMTX,SMTC Corporation
SRAX,Social Reality
SCKT,Socket Mobile
GIGE,SoFi Gig Economy ETF
SOHU,Sohu.com Limited 
SLRC,Solar Capital Ltd.
SUNS,Solar Senior Capital Ltd.
SEDG,SolarEdge Technologies
SLNO,Soleno Therapeutics
SLNOW,Soleno Therapeutics
SLGL,Sol-Gel Technologies Ltd.
SLDB,Solid Biosciences Inc.
SNGX,Soligenix
SNGXW,Soligenix
SOLY,Soliton
SONM,Sonim Technologies
SNOA,Sonoma Pharmaceuticals
SNOAW,Sonoma Pharmaceuticals
SONO,Sonos
SPHS,Sophiris Bio
SORL,SORL Auto Parts
SRNE,Sorrento Therapeutics
SOHO,Sotherly Hotels Inc.
SOHOB,Sotherly Hotels Inc.
SOHON,Sotherly Hotels Inc.
SOHOO,Sotherly Hotels Inc.
SFBC,Sound Financial Bancorp
SMMC,South Mountain Merger Corp.
SMMCU,South Mountain Merger Corp.
SMMCW,South Mountain Merger Corp.
SPFI,South Plains Financial
SSB,South State Corporation
SFST,Southern First Bancshares
SMBC,Southern Missouri Bancorp
SONA,Southern National Bancorp of Virginia
SBSI,Southside Bancshares
SY,So-Young International Inc.
SP,SP Plus Corporation
SGRP,SPAR Group
SPKE,Spark Energy
SPKEP,Spark Energy
ONCE,Spark Therapeutics
SPAR,Spartan Motors
SPTN,SpartanNash Company
DWFI,SPDR Dorsey Wright Fixed Income Allocation ETF
SPPI,Spectrum Pharmaceuticals
SPRO,Spero Therapeutics
ANY,Sphere 3D Corp.
SPEX,Spherix Incorporated
SPI,SPI Energy Co.
SAVE,Spirit Airlines
STXB,Spirit of Texas Bancshares
SPLK,Splunk Inc.
SPOK,Spok Holdings
SPWH,Sportsman&#39;s Warehouse Holdings
SBPH,Spring Bank Pharmaceuticals
FUND,Sprott Focus Trust
SFM,Sprouts Farmers Market
SPSC,SPS Commerce
SSNC,SS&C Technologies Holdings
SSRM,SSR Mining Inc.
STAA,STAAR Surgical Company
SLNG,Stabilis Energy
STAF,Staffing 360 Solutions
STMP,Stamps.com Inc.
STND,Standard AVB Financial Corp.
SBLK,Star Bulk Carriers Corp.
SBLKZ,Star Bulk Carriers Corp.
SBUX,Starbucks Corporation
STFC,State Auto Financial Corporation
MITO,Stealth BioTherapeutics Corp.
GASS,StealthGas
STCN,Steel Connect
STLD,Steel Dynamics
SMRT,Stein Mart
STML,Stemline Therapeutics
SRCL,Stericycle
SBT,Sterling Bancorp
STRL,Sterling Construction Company Inc
SHOO,Steven Madden
SSFN,Stewardship Financial Corp
SFIX,Stitch Fix
SYBT,Stock Yards Bancorp
STOK,Stoke Therapeutics
BANX,StoneCastle Financial Corp
STNE,StoneCo Ltd.
SSKN,Strata Skin Sciences
SSYS,Stratasys
STRA,Strategic Education
HNDL,Strategy Shares Nasdaq 7HANDL Index ETF
STRT,Strattec Security Corporation
STRS,Stratus Properties Inc.
STRM,Streamline Health Solutions
SBBP,Strongbridge Biopharma plc
SUMR,Summer Infant
SMMF,Summit Financial Group
SSBI,Summit State Bank
SMMT,Summit Therapeutics plc
WISA,Summit Wireless Technologies
SNDE,Sundance Energy Australia Limited
SNDL,Sundial Growers Inc.
SNSS,Sunesis Pharmaceuticals
STKL,SunOpta
SPWR,SunPower Corporation
RUN,Sunrun Inc.
SUNW,Sunworks
SLGG,Super League Gaming
SPCB,SuperCom
SCON,Superconductor Technologies Inc.
SGC,Superior Group of Companies
SUPN,Supernus Pharmaceuticals
SPRT,support.com
SURF,Surface Oncology
SGRY,Surgery Partners
SRDX,Surmodics
STRO,Sutro Biopharma
SSSS,Sutter Rock Capital Corp.
SIVB,SVB Financial Group
SVMK,SVMK Inc.
SYKE,Sykes Enterprises
SYMC,Symantec Corporation
SYNC,Synacor
SYNL,Synalloy Corporation
SYNA,Synaptics Incorporated
SNCR,Synchronoss Technologies
SNDX,Syndax Pharmaceuticals
SYNH,Syneos Health
SYBX,Synlogic
SNPS,Synopsys
SES,Synthesis Energy Systems
THOR,Synthorx
SYPR,Sypris Solutions
SYRS,Syros Pharmaceuticals
TROW,T. Rowe Price Group
TTOO,T2 Biosystems
TRHC,Tabula Rasa HealthCare
TCMD,Tactile Systems Technology
TAIT,Taitron Components Incorporated
TLC,Taiwan Liposome Company
TTWO,Take-Two Interactive Software
TLND,Talend S.A.
TNDM,Tandem Diabetes Care
TLF,Tandy Leather Factory
TANH,Tantech Holdings Ltd.
TAOP,Taoping Inc.
TEDU,Tarena International
TH,Target Hospitality Corp.
THWWW,Target Hospitality Corp.
TRNX,Taronis Technologies
TATT,TAT Technologies Ltd.
TAYD,Taylor Devices
TCF,TCF Financial Corporation
TCFCP,TCF Financial Corporation
CGBD,TCG BDC
TCRR,TCR2 Therapeutics Inc.
AMTD,TD Ameritrade Holding Corporation
PETZ,TDH Holdings
TECD,Tech Data Corporation
TCCO,Technical Communications Corporation
TTGT,TechTarget
TGLS,Tecnoglass Inc.
TGEN,Tecogen Inc.
TECTP,Tectonic Financial
TNAV,Telenav
TLGT,Teligent
TELL,Tellurian Inc.
TENB,Tenable Holdings
TENX,Tenax Therapeutics
TZAC,Tenzing Acquisition Corp.
TZACU,Tenzing Acquisition Corp.
TZACW,Tenzing Acquisition Corp.
TER,Teradyne
TERP,TerraForm Power
TBNK,Territorial Bancorp Inc.
TSLA,Tesla
TESS,TESSCO Technologies Incorporated
TTEK,Tetra Tech
TTPH,Tetraphase Pharmaceuticals
TCBI,Texas Capital Bancshares
TCBIL,Texas Capital Bancshares
TCBIP,Texas Capital Bancshares
TXN,Texas Instruments Incorporated
TXRH,Texas Roadhouse
TFSL,TFS Financial Corporation
TGTX,TG Therapeutics
WTER,The Alkaline Water Company Inc.
ANDE,The Andersons
TBBK,The Bancorp
BPRN,The Bank of Princeton
CG,The Carlyle Group L.P.
TCGP,The Carlyle Group L.P.
CAKE,The Cheesecake Factory Incorporated
CHEF,The Chefs&#39; Warehouse
TCFC,The Community Financial Corporation
DSGX,The Descartes Systems Group Inc.
DXYN,The Dixie Group
ENSG,The Ensign Group
XONE,The ExOne Company
FBMS,The First Bancshares
FLIC,The First of Long Island Corporation
GT,The Goodyear Tire & Rubber Company
HABT,The Habit Restaurants
HCKT,The Hackett Group
HAIN,The Hain Celestial Group
CUBA,The Herzfeld Caribbean Basin Fund
INTG,The Intergroup Corporation
JYNT,The Joint Corp.
KHC,The Kraft Heinz Company
OLD,The Long-Term Care ETF
LOVE,The Lovesac Company
MSG,The Madison Square Garden Company
MDCO,The Medicines Company
MEET,The Meet Group
MIK,The Michaels Companies
MIDD,The Middleby Corporation
SLIM,The Obesity ETF
STKS,The ONE Group Hospitality
ORG,The Organics ETF
PECK,The Peck Company Holdings
PRSC,The Providence Service Corporation
REAL,The RealReal
RMR,The RMR Group Inc.
SMPL,The Simply Good Foods Company
TSG,The Stars Group Inc.
TTD,The Trade Desk
YORW,The York Water Company
NCTY,The9 Limited
TXMD,TherapeuticsMD
TRPX,Therapix Biosciences Ltd.
TBPH,Theravance Biopharma
TCRD,THL Credit
THBRU,Thunder Bridge Acquisition II
TIBR,Tiberius Acquisition Corporation
TIBRU,Tiberius Acquisition Corporation
TIBRW,Tiberius Acquisition Corporation
TTS,Tile Shop Hldgs
TLRY,Tilray
TSBK,Timberland Bancorp
TIPT,Tiptree Inc.
TITN,Titan Machinery Inc.
TMDI,Titan Medical Inc.
TTNP,Titan Pharmaceuticals
TVTY,Tivity Health
TIVO,TiVo Corporation
TLSA,Tiziana Life Sciences plc
TKKS,TKK Symphony Acquisition Corporation
TKKSR,TKK Symphony Acquisition Corporation
TKKSU,TKK Symphony Acquisition Corporation
TKKSW,TKK Symphony Acquisition Corporation
TMUS,T-Mobile US
TMSR,TMSR Holding Company Limited
TOCA,Tocagen Inc.
TNXP,Tonix Pharmaceuticals Holding Corp.
TOPS,TOP Ships Inc.
TRCH,Torchlight Energy Resources
TRMD,TORM plc
TOTA,Tottenham Acquisition I Limited
TOTAR,Tottenham Acquisition I Limited
TOTAU,Tottenham Acquisition I Limited
TOTAW,Tottenham Acquisition I Limited
TBLT,ToughBuilt Industries
TBLTU,ToughBuilt Industries
TBLTW,ToughBuilt Industries
TSEM,Tower Semiconductor Ltd.
CLUB,Town Sports International Holdings
TOWN,Towne Bank
TPIC,TPI Composites
TCON,TRACON Pharmaceuticals
TSCO,Tractor Supply Company
TW,Tradeweb Markets Inc.
TWMC,Trans World Entertainment Corp.
TACT,TransAct Technologies Incorporated
TRNS,Transcat
TGA,TransGlobe Energy Corporation
TBIO,Translate Bio
TMDX,TransMedics Group
TA,TravelCenters of America Inc. 
TANNI,TravelCenters of America Inc. 
TANNL,TravelCenters of America Inc. 
TANNZ,TravelCenters of America Inc. 
TZOO,Travelzoo
TRMT,Tremont Mortgage Trust
TRVN,Trevena
TRVI,Trevi Therapeutics
TPCO,Tribune Publishing Company
TCDA,Tricida
TCBK,TriCo Bancshares
TDAC,Trident Acquisitions Corp.
TDACU,Trident Acquisitions Corp.
TDACW,Trident Acquisitions Corp.
TRIL,Trillium Therapeutics Inc.
TRS,TriMas Corporation
TRMB,Trimble Inc.
TRIB,Trinity Biotech plc
TMCX,Trinity Merger Corp.
TMCXU,Trinity Merger Corp.
TMCXW,Trinity Merger Corp.
TRIP,TripAdvisor
TSC,TriState Capital Holdings
TSCAP,TriState Capital Holdings
TSCBP,TriState Capital Holdings
TBK,Triumph Bancorp
TRVG,trivago N.V.
TROV,TrovaGene
TRUE,TrueCar
TRUP,Trupanion
TRST,TrustCo Bank Corp NY
TRMK,Trustmark Corporation
TSRI,TSR
TTEC,TTEC Holdings
TTMI,TTM Technologies
TC,TuanChe Limited
TCX,Tucows Inc.
TUES,Tuesday Morning Corp.
TOUR,Tuniu Corporation
TPTX,Turning Point Therapeutics
HEAR,Turtle Beach Corporation
THCB,Tuscan Holdings Corp.
THCBU,Tuscan Holdings Corp.
THCBW,Tuscan Holdings Corp.
THCA,Tuscan Holdings Corp. II
THCAU,Tuscan Holdings Corp. II
THCAW,Tuscan Holdings Corp. II
BROG,Twelve Seas Investment Company
BROGR,Twelve Seas Investment Company
BROGU,Twelve Seas Investment Company
BROGW,Twelve Seas Investment Company
TWIN,Twin Disc
TWST,Twist Bioscience Corporation
TRCB,Two River Bancorp
TYME,Tyme Technologies
USCR,U S Concrete
PRTS,U.S. Auto Parts Network
USEG,U.S. Energy Corp.
GROW,U.S. Global Investors
USAU,U.S. Gold Corp.
USWS,U.S. Well Services
USWSW,U.S. Well Services
UFPT,UFP Technologies
ULTA,Ulta Beauty
UCTT,Ultra Clean Holdings
RARE,Ultragenyx Pharmaceutical Inc.
ULBI,Ultralife Corporation
UMBF,UMB Financial Corporation
UMPQ,Umpqua Holdings Corporation
UNAM,Unico American Corporation
UNB,Union Bankshares
QURE,uniQure N.V.
UAL,United Airlines Holdings
UBCP,United Bancorp
UBOH,United Bancshares
UBSI,United Bankshares
UCBI,United Community Banks
UCFC,United Community Financial Corp.
UBNK,United Financial Bancorp
UFCS,United Fire Group
UIHC,United Insurance Holdings Corp.
UNFI,United Natural Foods
UBFO,United Security Bancshares
USLM,United States Lime & Minerals
UTHR,United Therapeutics Corporation
UG,United-Guardian
UNIT,Uniti Group Inc.
UNTY,Unity Bancorp
UBX,Unity Biotechnology
OLED,Universal Display Corporation
UEIC,Universal Electronics Inc.
UFPI,Universal Forest Products
ULH,Universal Logistics Holdings
USAP,Universal Stainless & Alloy Products
UVSP,Univest Financial Corporation
UMRX,Unum Therapeutics Inc.
TTTN,UP Fintech China-U.S. Internet Titans ETF
TIGR,UP Fintech Holding Limited
UPLD,Upland Software
UPWK,Upwork Inc.
UONE,Urban One
UONEK,Urban One
URBN,Urban Outfitters
MYT,Urban Tea
URGN,UroGen Pharma Ltd.
UROV,Urovant Sciences Ltd.
ECOL,US Ecology
USAT,USA Technologies
USATP,USA Technologies
USAK,USA Truck
USIO,Usio
UTMD,Utah Medical Products
UTSI,UTStarcom Holdings Corp
UXIN,Uxin Limited
VCNX,Vaccinex
VLRX,Valeritas Holdings
VALX,Validea Market Legends ETF
VLY,Valley National Bancorp
VLYPO,Valley National Bancorp
VLYPP,Valley National Bancorp
VTEC,Valtech SE
VALU,Value Line
VNDA,Vanda Pharmaceuticals Inc.
BBH,VanEck Vectors Biotech ETF
PPH,VanEck Vectors Pharmaceutical ETF
VWOB,Vanguard Emerging Markets Government Bond ETF
VNQI,Vanguard Global ex-U.S. Real Estate ETF
VCIT,Vanguard Intermediate-Term Corporate Bond ETF
VGIT,Vanguard Intermediate-Term Treasury ETF
VIGI,Vanguard International Dividend Appreciation ETF
VYMI,Vanguard International High Dividend Yield ETF
VCLT,Vanguard Long-Term Corporate Bond ETF
VGLT,Vanguard Long-Treasury ETF
VMBS,Vanguard Mortgage-Backed Securities ETF
VONE,Vanguard Russell 1000 ETF
VONG,Vanguard Russell 1000 Growth ETF
VONV,Vanguard Russell 1000 Value ETF
VTWO,Vanguard Russell 2000 ETF
VTWG,Vanguard Russell 2000 Growth ETF
VTWV,Vanguard Russell 2000 Value ETF
VTHR,Vanguard Russell 3000 ETF
VCSH,Vanguard Short-Term Corporate Bond ETF
VTIP,Vanguard Short-Term Inflation-Protected Securities Index Fund
VGSH,Vanguard Short-Term Treasury ETF
BND,Vanguard Total Bond Market ETF
VTC,Vanguard Total Corporate Bond ETF
BNDX,Vanguard Total International Bond ETF
VXUS,Vanguard Total International Stock ETF
BNDW,Vanguard Total World Bond ETF
VREX,Varex Imaging Corporation
VRNS,Varonis Systems
VBLT,Vascular Biogenics Ltd.
VXRT,Vaxart
VBIV,VBI Vaccines
VTIQ,VectoIQ Acquisition Corp.
VTIQU,VectoIQ Acquisition Corp.
VTIQW,VectoIQ Acquisition Corp.
VECO,Veeco Instruments Inc.
VEON,VEON Ltd.
VRA,Vera Bradley
VCYT,Veracyte
VSTM,Verastem
VERB,Verb Technology Company
VERBW,Verb Technology Company
VCEL,Vericel Corporation
VERY,Vericity
VRNT,Verint Systems Inc.
VRSN,VeriSign
VRSK,Verisk Analytics
VBTX,Veritex Holdings
VERI,Veritone
VRML,Vermillion
VRNA,Verona Pharma plc
VRRM,Verra Mobility Corporation
VRCA,Verrica Pharmaceuticals Inc.
VTNR,Vertex Energy
VRTX,Vertex Pharmaceuticals Incorporated
VERU,Veru Inc.
VIA,Viacom Inc.
VIAB,Viacom Inc.
VMET,Viamet Pharmaceuticals Corp.
VSAT,ViaSat
VIAV,Viavi Solutions Inc.
VICL,Vical Incorporated
VICR,Vicor Corporation
VCTR,Victory Capital Holdings
CIZ,VictoryShares Developed Enhanced Volatility Wtd ETF
VSDA,VictoryShares Dividend Accelerator ETF
CEY,VictoryShares Emerging Market High Div Volatility Wtd ETF
CEZ,VictoryShares Emerging Market Volatility Wtd ETF
CID,VictoryShares International High Div Volatility Wtd ETF
CIL,VictoryShares International Volatility Wtd ETF
CFO,VictoryShares US 500 Enhanced Volatility Wtd ETF
CFA,VictoryShares US 500 Volatility Wtd ETF
CSF,VictoryShares US Discovery Enhanced Volatility Wtd ETF
CDC,VictoryShares US EQ Income Enhanced Volatility Wtd ETF
CDL,VictoryShares US Large Cap High Div Volatility Wtd ETF
VSMV,VictoryShares US Multi-Factor Minimum Volatility ETF
CSB,VictoryShares US Small Cap High Div Volatility Wtd ETF
CSA,VictoryShares US Small Cap Volatility Wtd ETF
VMD,Viemed Healthcare
VRAY,ViewRay
VKTX,Viking Therapeutics
VKTXW,Viking Therapeutics
VBFC,Village Bank and Trust Financial Corp.
VFF,Village Farms International
VLGEA,Village Super Market
VIOT,Viomi Technology Co.
VNOM,Viper Energy Partners LP
VIRC,Virco Manufacturing Corporation
VTUS,Virgin Trains USA Inc.
VTSI,VirTra
VIRT,Virtu Financial
VRTS,Virtus Investment Partners
VRTSP,Virtus Investment Partners
BBC,Virtus LifeSci Biotech Clinical Trials ETF
BBP,Virtus LifeSci Biotech Products ETF
VRTU,Virtusa Corporation
VISL,Vislink Technologies
VTGN,VistaGen Therapeutics
VC,Visteon Corporation
VISTER,Visterra
VIVE,Viveve Medical
VVPR,VivoPower International PLC
VVUS,VIVUS
VOD,Vodafone Group Plc
VOXX,VOXX International Corporation
VYGR,Voyager Therapeutics
VSEC,VSE Corporation
VTVT,vTv Therapeutics Inc.
VUZI,Vuzix Corporation
WAFU,Wah Fu Education Group Limited
HLAL,Wahed FTSE USA Shariah ETF
WTRH,Waitr Holdings Inc.
WBA,Walgreens Boots Alliance
WSG,Wanda Sports Group Company Limited
WAFD,Washington Federal
WASH,Washington Trust Bancorp
WSBF,Waterstone Financial
WTRE,Watford Holdings Ltd.
WTREP,Watford Holdings Ltd.
WVE,WAVE Life Sciences Ltd.
WNFM,Wayne Farms
WSTG,Wayside Technology Group
WDFC,WD-40 Company
HHHH,Wealthbridge Acquisition Limited
HHHHR,Wealthbridge Acquisition Limited
HHHHU,Wealthbridge Acquisition Limited
HHHHW,Wealthbridge Acquisition Limited
WB,Weibo Corporation
WW,Weight Watchers International Inc
WEBK,Wellesley Bancorp
WEN,Wendy&#39;s Company (The)
WERN,Werner Enterprises
WSBC,WesBanco
WTBA,West Bancorporation
WABC,Westamerica Bancorporation
WSTL,Westell Technologies
WINC,Western Asset Short Duration Income ETF
WBND,Western Asset Total Return ETF
WDC,Western Digital Corporation
WNEB,Western New England Bancorp
WPRT,Westport Fuel Systems Inc
WWR,Westwater Resources
WEYS,Weyco Group
WHLR,Wheeler Real Estate Investment Trust
WHLRD,Wheeler Real Estate Investment Trust
WHLRP,Wheeler Real Estate Investment Trust
WHF,WhiteHorse Finance
WHFBZ,WhiteHorse Finance
WHLM,Wilhelmina International
WVVI,Willamette Valley Vineyards
WVVIP,Willamette Valley Vineyards
WLDN,Willdan Group
WLFC,Willis Lease Finance Corporation
WLTW,Willis Towers Watson Public Limited Company
WSC,WillScot Corporation
WING,Wingstop Inc.
WINA,Winmark Corporation
WINS,Wins Finance Holdings Inc.
WTFC,Wintrust Financial Corporation
WTFCM,Wintrust Financial Corporation
AGND,WisdomTree Barclays Negative Duration U.S. Aggregate Bond Fund
CXSE,WisdomTree China ex-State-Owned Enterprises Fund
EMCG,WisdomTree Emerging Markets Consumer Growth Fund
EMCB,WisdomTree Emerging Markets Corporate Bond Fund
DGRE,WisdomTree Emerging Markets Quality Dividend Growth Fund
DXGE,WisdomTree Germany Hedged Equity Fund
HYZD,WisdomTree Interest Rate Hedged High Yield Bond Fund
AGZD,WisdomTree Interest Rate Hedged U.S. Aggregate Bond Fund
WETF,WisdomTree Investments
DXJS,WisdomTree Japan Hedged SmallCap Equity Fund
GULF,WisdomTree Middle East Dividend Fund
HYND,WisdomTree Negative Duration High Yield Bond Fund
DGRW,WisdomTree U.S. Quality Dividend Growth Fund
DGRS,WisdomTree U.S. SmallCap Quality Dividend Growth Fund
WIX,Wix.com Ltd.
WWD,Woodward
WDAY,Workday
WKHS,Workhorse Group
WRLD,World Acceptance Corporation
WRTC,Wrap Technologies
WMGI,Wright Medical Group N.V.
WSFS,WSFS Financial Corporation
WVFC,WVS Financial Corp.
WYNN,Wynn Resorts
XFOR,X4 Pharmaceuticals
XBIT,XBiotech Inc.
XELB,Xcel Brands
XEL,Xcel Energy Inc.
XNCR,Xencor
XBIO,Xenetic Biosciences
XBIOW,Xenetic Biosciences
XENE,Xenon Pharmaceuticals Inc.
XERS,Xeris Pharmaceuticals
XLNX,Xilinx
XOMA,XOMA Corporation
XPEL,XPEL
XPER,Xperi Corporation
XSPA,XpresSpa Group
XTLB,XTL Biopharmaceuticals Ltd.
XNET,Xunlei Limited
YNDX,Yandex N.V.
YTRA,Yatra Online
YTEN,Yield10 Bioscience
YIN,Yintech Investment Holdings Limited
YMAB,Y-mAbs Therapeutics
YGYI,Youngevity International
YRCW,YRC Worldwide
YJ,Yunji Inc.
YY,YY Inc.
ZFGN,Zafgen
ZAGG,ZAGG Inc
ZLAB,Zai Lab Limited
ZEAL,Zealand Pharma A/S
ZBRA,Zebra Technologies Corporation
Z,Zillow Group
ZG,Zillow Group
ZN,Zion Oil 
ZNWAA,Zion Oil 
ZION,Zions Bancorporation N.A.
ZIONW,Zions Bancorporation N.A.
ZIOP,ZIOPHARM Oncology Inc
ZIXI,Zix Corporation
ZKIN,ZK International Group Co.
ZGNX,Zogenix
ZM,Zoom Video Communications
ZSAN,Zosano Pharma Corporation
ZVO,Zovio Inc.
ZS,Zscaler
ZUMZ,Zumiez Inc.
ZYNE,Zynerba Pharmaceuticals
ZYXI,Zynex
ZNGA,Zynga Inc.
